gene_name,gene_id,mirna_name,mirna_id,experiments,publications,cell_lines,micro_tscore
ZNF644,ENSG00000122482,hsa-miR-29a-5p,MIMAT0004503,9,4,9,0.82
FOXN2,ENSG00000170802,hsa-miR-29a-5p,MIMAT0004503,7,4,7,0.61
RMND5A,ENSG00000153561,hsa-miR-29a-5p,MIMAT0004503,7,4,5,0.51
STYX,ENSG00000198252,hsa-miR-29a-5p,MIMAT0004503,7,5,7,-1
TASOR2,ENSG00000108021,hsa-miR-29a-5p,MIMAT0004503,7,3,7,0.66
ASXL2,ENSG00000143970,hsa-miR-29a-5p,MIMAT0004503,6,4,6,0.77
BTBD1,ENSG00000064726,hsa-miR-29a-5p,MIMAT0004503,6,2,6,-1
CAPZA2,ENSG00000198898,hsa-miR-29a-5p,MIMAT0004503,6,3,6,0.96
MAP3K2,ENSG00000169967,hsa-miR-29a-5p,MIMAT0004503,6,2,6,0.83
PSMD7,ENSG00000103035,hsa-miR-29a-5p,MIMAT0004503,6,3,6,0.62
RAD23B,ENSG00000119318,hsa-miR-29a-5p,MIMAT0004503,6,2,6,0.74
ARID1A,ENSG00000117713,hsa-miR-29a-5p,MIMAT0004503,5,2,5,-1
DUSP2,ENSG00000158050,hsa-miR-29a-5p,MIMAT0004503,5,2,5,0.48
FAM107B,ENSG00000065809,hsa-miR-29a-5p,MIMAT0004503,5,3,5,-1
NAMPT,ENSG00000105835,hsa-miR-29a-5p,MIMAT0004503,5,3,3,0.76
PKN2,ENSG00000065243,hsa-miR-29a-5p,MIMAT0004503,5,2,5,0.44
RGS1,ENSG00000090104,hsa-miR-29a-5p,MIMAT0004503,5,1,5,0.47
SLC16A1,ENSG00000155380,hsa-miR-29a-5p,MIMAT0004503,5,4,5,0.4
ATF2,ENSG00000115966,hsa-miR-29a-5p,MIMAT0004503,4,3,3,0.91
ATP2A2,ENSG00000174437,hsa-miR-29a-5p,MIMAT0004503,4,3,4,0.94
FNBP4,ENSG00000109920,hsa-miR-29a-5p,MIMAT0004503,4,3,4,0.59
GNB1,ENSG00000078369,hsa-miR-29a-5p,MIMAT0004503,4,4,4,-1
HECTD1,ENSG00000092148,hsa-miR-29a-5p,MIMAT0004503,4,4,4,0.63
ILF2,ENSG00000143621,hsa-miR-29a-5p,MIMAT0004503,4,4,4,0.43
IPO5,ENSG00000065150,hsa-miR-29a-5p,MIMAT0004503,4,3,3,0.55
KIAA1522,ENSG00000162522,hsa-miR-29a-5p,MIMAT0004503,4,2,2,0.4
MAPK1,ENSG00000100030,hsa-miR-29a-5p,MIMAT0004503,4,3,4,0.39
MT-ND1,ENSG00000198888,hsa-miR-29a-5p,MIMAT0004503,4,2,4,-1
PPP3R1,ENSG00000221823,hsa-miR-29a-5p,MIMAT0004503,4,3,4,0.57
PUM1,ENSG00000134644,hsa-miR-29a-5p,MIMAT0004503,4,2,4,0.49
RIF1,ENSG00000080345,hsa-miR-29a-5p,MIMAT0004503,4,3,4,0.7
RPS3,ENSG00000149273,hsa-miR-29a-5p,MIMAT0004503,4,2,2,0.47
SMC3,ENSG00000108055,hsa-miR-29a-5p,MIMAT0004503,4,4,4,0.45
UBA1,ENSG00000130985,hsa-miR-29a-5p,MIMAT0004503,4,3,3,0.37
YTHDF3,ENSG00000185728,hsa-miR-29a-5p,MIMAT0004503,4,3,3,0.86
ANKHD1-EIF4EBP3,ENSG00000254996,hsa-miR-29a-5p,MIMAT0004503,3,3,3,0.38
ARL1,ENSG00000120805,hsa-miR-29a-5p,MIMAT0004503,3,1,1,0.77
ASH1L,ENSG00000116539,hsa-miR-29a-5p,MIMAT0004503,3,3,3,0.44
B3GALNT2,ENSG00000162885,hsa-miR-29a-5p,MIMAT0004503,3,2,3,0.45
BTBD7,ENSG00000011114,hsa-miR-29a-5p,MIMAT0004503,3,1,1,0.56
CBLL1,ENSG00000105879,hsa-miR-29a-5p,MIMAT0004503,3,2,2,0.76
CCT5,ENSG00000150753,hsa-miR-29a-5p,MIMAT0004503,3,3,3,0.39
CDC73,ENSG00000134371,hsa-miR-29a-5p,MIMAT0004503,3,2,3,0.64
CLCN3,ENSG00000109572,hsa-miR-29a-5p,MIMAT0004503,3,2,2,0.5
COPB1,ENSG00000129083,hsa-miR-29a-5p,MIMAT0004503,3,3,3,-1
CSE1L,ENSG00000124207,hsa-miR-29a-5p,MIMAT0004503,3,3,3,0.59
DNTTIP2,ENSG00000067334,hsa-miR-29a-5p,MIMAT0004503,3,3,3,0.46
DPYD,ENSG00000188641,hsa-miR-29a-5p,MIMAT0004503,3,3,3,0.87
ECPAS,ENSG00000136813,hsa-miR-29a-5p,MIMAT0004503,3,3,3,0.56
ELF2,ENSG00000109381,hsa-miR-29a-5p,MIMAT0004503,3,1,3,0.56
ETNK1,ENSG00000139163,hsa-miR-29a-5p,MIMAT0004503,3,3,3,0.39
FLNB,ENSG00000136068,hsa-miR-29a-5p,MIMAT0004503,3,3,3,0.39
GMFB,ENSG00000197045,hsa-miR-29a-5p,MIMAT0004503,3,2,2,0.64
H2BC8,ENSG00000273802,hsa-miR-29a-5p,MIMAT0004503,3,2,2,-1
HIRA,ENSG00000100084,hsa-miR-29a-5p,MIMAT0004503,3,2,3,0.45
KMT2C,ENSG00000055609,hsa-miR-29a-5p,MIMAT0004503,3,3,3,0.81
MFSD6,ENSG00000151690,hsa-miR-29a-5p,MIMAT0004503,3,2,2,0.89
MOB1A,ENSG00000114978,hsa-miR-29a-5p,MIMAT0004503,3,3,3,0.65
MTF2,ENSG00000143033,hsa-miR-29a-5p,MIMAT0004503,3,3,3,0.74
MYL12B,ENSG00000118680,hsa-miR-29a-5p,MIMAT0004503,3,3,3,0.49
NBEAL1,ENSG00000144426,hsa-miR-29a-5p,MIMAT0004503,3,2,2,0.68
NCOA1,ENSG00000084676,hsa-miR-29a-5p,MIMAT0004503,3,3,3,0.8
NDUFS3,ENSG00000213619,hsa-miR-29a-5p,MIMAT0004503,3,2,3,-1
NF1,ENSG00000196712,hsa-miR-29a-5p,MIMAT0004503,3,2,2,0.61
NUP155,ENSG00000113569,hsa-miR-29a-5p,MIMAT0004503,3,3,3,0.36
PABPN1,ENSG00000100836,hsa-miR-29a-5p,MIMAT0004503,3,3,3,-1
PAFAH1B1,ENSG00000007168,hsa-miR-29a-5p,MIMAT0004503,3,2,2,0.94
PDE7A,ENSG00000205268,hsa-miR-29a-5p,MIMAT0004503,3,2,3,0.41
PDHB,ENSG00000168291,hsa-miR-29a-5p,MIMAT0004503,3,2,3,0.49
PHF21A,ENSG00000135365,hsa-miR-29a-5p,MIMAT0004503,3,2,3,0.39
QSER1,ENSG00000060749,hsa-miR-29a-5p,MIMAT0004503,3,2,2,0.52
RACK1,ENSG00000204628,hsa-miR-29a-5p,MIMAT0004503,3,3,3,-1
SACM1L,ENSG00000211456,hsa-miR-29a-5p,MIMAT0004503,3,2,2,0.84
SBNO1,ENSG00000139697,hsa-miR-29a-5p,MIMAT0004503,3,2,3,0.92
SEC31A,ENSG00000138674,hsa-miR-29a-5p,MIMAT0004503,3,2,3,0.5
SYNCRIP,ENSG00000135316,hsa-miR-29a-5p,MIMAT0004503,3,3,3,0.68
TM9SF4,ENSG00000101337,hsa-miR-29a-5p,MIMAT0004503,3,3,3,0.41
TRIB1,ENSG00000173334,hsa-miR-29a-5p,MIMAT0004503,3,3,3,0.61
UBAP1,ENSG00000165006,hsa-miR-29a-5p,MIMAT0004503,3,2,2,0.61
UBP1,ENSG00000153560,hsa-miR-29a-5p,MIMAT0004503,3,2,3,0.41
UBQLN1,ENSG00000135018,hsa-miR-29a-5p,MIMAT0004503,3,1,3,-1
VANGL1,ENSG00000173218,hsa-miR-29a-5p,MIMAT0004503,3,2,3,0.36
ZBTB20,ENSG00000181722,hsa-miR-29a-5p,MIMAT0004503,3,1,3,0.94
ZNF800,ENSG00000048405,hsa-miR-29a-5p,MIMAT0004503,3,3,3,-1
ACTN4,ENSG00000130402,hsa-miR-29a-5p,MIMAT0004503,2,2,2,-1
ADNP,ENSG00000101126,hsa-miR-29a-5p,MIMAT0004503,2,1,2,0.51
ADNP2,ENSG00000101544,hsa-miR-29a-5p,MIMAT0004503,2,2,2,0.37
AFTPH,ENSG00000119844,hsa-miR-29a-5p,MIMAT0004503,2,1,1,0.76
AKAP6,ENSG00000151320,hsa-miR-29a-5p,MIMAT0004503,2,2,2,0.43
ALG9,ENSG00000086848,hsa-miR-29a-5p,MIMAT0004503,2,2,2,0.9
AMD1,ENSG00000123505,hsa-miR-29a-5p,MIMAT0004503,2,2,2,0.55
ANKIB1,ENSG00000001629,hsa-miR-29a-5p,MIMAT0004503,2,2,2,0.57
ANXA5,ENSG00000164111,hsa-miR-29a-5p,MIMAT0004503,2,1,1,0.51
APPL1,ENSG00000157500,hsa-miR-29a-5p,MIMAT0004503,2,1,1,0.43
APTX,ENSG00000137074,hsa-miR-29a-5p,MIMAT0004503,2,2,2,0.43
ARF1,ENSG00000143761,hsa-miR-29a-5p,MIMAT0004503,2,2,2,-1
BAZ1B,ENSG00000009954,hsa-miR-29a-5p,MIMAT0004503,2,2,2,0.42
BCL2L13,ENSG00000099968,hsa-miR-29a-5p,MIMAT0004503,2,1,1,0.5
BCLAF1,ENSG00000029363,hsa-miR-29a-5p,MIMAT0004503,2,2,2,0.84
BCORL1,ENSG00000085185,hsa-miR-29a-5p,MIMAT0004503,2,2,2,-1
BHLHE40,ENSG00000134107,hsa-miR-29a-5p,MIMAT0004503,2,2,2,0.45
BIRC6,ENSG00000115760,hsa-miR-29a-5p,MIMAT0004503,2,2,2,0.51
BNC2,ENSG00000173068,hsa-miR-29a-5p,MIMAT0004503,2,1,2,0.66
BNIP3L,ENSG00000104765,hsa-miR-29a-5p,MIMAT0004503,2,2,2,0.41
BRD4,ENSG00000141867,hsa-miR-29a-5p,MIMAT0004503,2,2,2,-1
BUB1,ENSG00000169679,hsa-miR-29a-5p,MIMAT0004503,2,2,2,0.49
C17ORF80,ENSG00000141219,hsa-miR-29a-5p,MIMAT0004503,2,1,2,0.5
C6ORF62,ENSG00000112308,hsa-miR-29a-5p,MIMAT0004503,2,2,2,0.54
CAPRIN1,ENSG00000135387,hsa-miR-29a-5p,MIMAT0004503,2,2,2,0.89
CARNMT1,ENSG00000156017,hsa-miR-29a-5p,MIMAT0004503,2,2,2,0.88
CASK,ENSG00000147044,hsa-miR-29a-5p,MIMAT0004503,2,2,2,0.84
CBX3,ENSG00000122565,hsa-miR-29a-5p,MIMAT0004503,2,2,2,0.42
CBX6,ENSG00000183741,hsa-miR-29a-5p,MIMAT0004503,2,2,2,-1
CCAR1,ENSG00000060339,hsa-miR-29a-5p,MIMAT0004503,2,2,2,0.91
CCNA2,ENSG00000145386,hsa-miR-29a-5p,MIMAT0004503,2,1,1,0.53
CDC27,ENSG00000004897,hsa-miR-29a-5p,MIMAT0004503,2,2,2,0.53
CEMIP2,ENSG00000135048,hsa-miR-29a-5p,MIMAT0004503,2,2,2,0.43
CHD9,ENSG00000177200,hsa-miR-29a-5p,MIMAT0004503,2,2,2,0.77
CLTC,ENSG00000141367,hsa-miR-29a-5p,MIMAT0004503,2,2,2,0.56
CNOT1,ENSG00000125107,hsa-miR-29a-5p,MIMAT0004503,2,2,2,0.5
COL4A3BP,ENSG00000113163,hsa-miR-29a-5p,MIMAT0004503,2,2,2,0.77
CPD,ENSG00000108582,hsa-miR-29a-5p,MIMAT0004503,2,2,2,0.67
CREB1,ENSG00000118260,hsa-miR-29a-5p,MIMAT0004503,2,1,2,0.6
CRK,ENSG00000167193,hsa-miR-29a-5p,MIMAT0004503,2,2,2,0.38
CSNK1A1,ENSG00000113712,hsa-miR-29a-5p,MIMAT0004503,2,2,2,0.49
CUX1,ENSG00000257923,hsa-miR-29a-5p,MIMAT0004503,2,2,2,0.85
DCAF16,ENSG00000163257,hsa-miR-29a-5p,MIMAT0004503,2,2,1,0.55
DDIT4,ENSG00000168209,hsa-miR-29a-5p,MIMAT0004503,2,2,2,-1
DNMT3A,ENSG00000119772,hsa-miR-29a-5p,MIMAT0004503,2,2,2,0.9
DST,ENSG00000151914,hsa-miR-29a-5p,MIMAT0004503,2,2,2,0.88
DTNB,ENSG00000138101,hsa-miR-29a-5p,MIMAT0004503,2,2,2,-1
DYNC1H1,ENSG00000197102,hsa-miR-29a-5p,MIMAT0004503,2,2,2,0.61
DYNC1LI2,ENSG00000135720,hsa-miR-29a-5p,MIMAT0004503,2,2,2,0.7
ECT2,ENSG00000114346,hsa-miR-29a-5p,MIMAT0004503,2,2,2,0.46
EGFR,ENSG00000146648,hsa-miR-29a-5p,MIMAT0004503,2,2,2,0.51
EIF4G2,ENSG00000110321,hsa-miR-29a-5p,MIMAT0004503,2,2,2,0.48
EIF5B,ENSG00000158417,hsa-miR-29a-5p,MIMAT0004503,2,1,1,0.8
ELAVL1,ENSG00000066044,hsa-miR-29a-5p,MIMAT0004503,2,1,2,0.38
ELMSAN1,ENSG00000156030,hsa-miR-29a-5p,MIMAT0004503,2,2,2,-1
EMSY,ENSG00000158636,hsa-miR-29a-5p,MIMAT0004503,2,2,2,0.64
ENPP4,ENSG00000001561,hsa-miR-29a-5p,MIMAT0004503,2,1,2,0.37
EP300,ENSG00000100393,hsa-miR-29a-5p,MIMAT0004503,2,1,1,0.49
EXOC8,ENSG00000116903,hsa-miR-29a-5p,MIMAT0004503,2,2,2,-1
FAM120A,ENSG00000048828,hsa-miR-29a-5p,MIMAT0004503,2,2,2,0.9
FAM98A,ENSG00000119812,hsa-miR-29a-5p,MIMAT0004503,2,1,2,0.42
FBN1,ENSG00000166147,hsa-miR-29a-5p,MIMAT0004503,2,2,2,0.67
G3BP1,ENSG00000145907,hsa-miR-29a-5p,MIMAT0004503,2,2,2,0.55
GALNT7,ENSG00000109586,hsa-miR-29a-5p,MIMAT0004503,2,2,2,0.91
GOLGA4,ENSG00000144674,hsa-miR-29a-5p,MIMAT0004503,2,2,2,0.67
GRB10,ENSG00000106070,hsa-miR-29a-5p,MIMAT0004503,2,1,1,0.39
GSK3B,ENSG00000082701,hsa-miR-29a-5p,MIMAT0004503,2,2,2,0.83
GSPT1,ENSG00000103342,hsa-miR-29a-5p,MIMAT0004503,2,2,2,0.74
H1-0,ENSG00000189060,hsa-miR-29a-5p,MIMAT0004503,2,1,1,-1
HACD3,ENSG00000074696,hsa-miR-29a-5p,MIMAT0004503,2,2,2,0.43
HIF1A,ENSG00000100644,hsa-miR-29a-5p,MIMAT0004503,2,2,2,0.43
HIST1H2BM,ENSG00000273703,hsa-miR-29a-5p,MIMAT0004503,2,1,2,-1
HIVEP1,ENSG00000095951,hsa-miR-29a-5p,MIMAT0004503,2,2,2,0.37
HIVEP2,ENSG00000010818,hsa-miR-29a-5p,MIMAT0004503,2,1,1,0.78
HMGB2,ENSG00000164104,hsa-miR-29a-5p,MIMAT0004503,2,2,2,-1
HNRNPA1,ENSG00000135486,hsa-miR-29a-5p,MIMAT0004503,2,2,2,0.38
HNRNPUL2,ENSG00000214753,hsa-miR-29a-5p,MIMAT0004503,2,2,2,-1
IBTK,ENSG00000005700,hsa-miR-29a-5p,MIMAT0004503,2,1,1,0.66
IGF1R,ENSG00000140443,hsa-miR-29a-5p,MIMAT0004503,2,2,2,0.94
IGFBP3,ENSG00000146674,hsa-miR-29a-5p,MIMAT0004503,2,2,2,-1
ITGA2,ENSG00000164171,hsa-miR-29a-5p,MIMAT0004503,2,2,2,0.39
ITGB1,ENSG00000150093,hsa-miR-29a-5p,MIMAT0004503,2,2,2,-1
ITPRID2,ENSG00000138434,hsa-miR-29a-5p,MIMAT0004503,2,2,2,0.73
JARID2,ENSG00000008083,hsa-miR-29a-5p,MIMAT0004503,2,1,1,0.48
KCNH7,ENSG00000184611,hsa-miR-29a-5p,MIMAT0004503,2,1,1,0.45
KIF5B,ENSG00000170759,hsa-miR-29a-5p,MIMAT0004503,2,1,1,0.42
LCOR,ENSG00000196233,hsa-miR-29a-5p,MIMAT0004503,2,2,2,0.7
LGALSL,ENSG00000119862,hsa-miR-29a-5p,MIMAT0004503,2,2,2,0.41
LYN,ENSG00000254087,hsa-miR-29a-5p,MIMAT0004503,2,2,2,-1
MACF1,ENSG00000127603,hsa-miR-29a-5p,MIMAT0004503,2,2,2,0.56
MAGI3,ENSG00000081026,hsa-miR-29a-5p,MIMAT0004503,2,2,2,0.45
MAP1B,ENSG00000131711,hsa-miR-29a-5p,MIMAT0004503,2,2,2,0.37
MAP9,ENSG00000164114,hsa-miR-29a-5p,MIMAT0004503,2,2,2,0.75
MCM6,ENSG00000076003,hsa-miR-29a-5p,MIMAT0004503,2,2,2,0.43
MED1,ENSG00000125686,hsa-miR-29a-5p,MIMAT0004503,2,2,2,0.49
MFSD14A,ENSG00000156875,hsa-miR-29a-5p,MIMAT0004503,2,2,2,-1
MLLT3,ENSG00000171843,hsa-miR-29a-5p,MIMAT0004503,2,1,2,0.46
MMS22L,ENSG00000146263,hsa-miR-29a-5p,MIMAT0004503,2,2,2,0.52
MORC3,ENSG00000159256,hsa-miR-29a-5p,MIMAT0004503,2,1,1,0.49
MRPL18,ENSG00000112110,hsa-miR-29a-5p,MIMAT0004503,2,1,2,-1
MRS2,ENSG00000124532,hsa-miR-29a-5p,MIMAT0004503,2,1,2,0.49
MSL2,ENSG00000174579,hsa-miR-29a-5p,MIMAT0004503,2,1,1,0.67
MYCBP2,ENSG00000005810,hsa-miR-29a-5p,MIMAT0004503,2,2,2,0.43
MYOF,ENSG00000138119,hsa-miR-29a-5p,MIMAT0004503,2,1,1,0.85
MZT1,ENSG00000204899,hsa-miR-29a-5p,MIMAT0004503,2,2,2,0.85
NA,ENSG00000256206,hsa-miR-29a-5p,MIMAT0004503,2,2,2,0.47
NA,ENSG00000258529,hsa-miR-29a-5p,MIMAT0004503,2,2,2,0.41
NAA50,ENSG00000121579,hsa-miR-29a-5p,MIMAT0004503,2,2,2,0.41
NCBP3,ENSG00000074356,hsa-miR-29a-5p,MIMAT0004503,2,2,2,0.62
NCOA3,ENSG00000124151,hsa-miR-29a-5p,MIMAT0004503,2,2,2,0.62
NCOR1,ENSG00000141027,hsa-miR-29a-5p,MIMAT0004503,2,2,2,0.68
NDRG3,ENSG00000101079,hsa-miR-29a-5p,MIMAT0004503,2,1,1,-1
NFE2L1,ENSG00000082641,hsa-miR-29a-5p,MIMAT0004503,2,2,2,0.46
NKTR,ENSG00000114857,hsa-miR-29a-5p,MIMAT0004503,2,1,1,0.5
OTULIN,ENSG00000154124,hsa-miR-29a-5p,MIMAT0004503,2,2,2,0.53
PAFAH1B2,ENSG00000168092,hsa-miR-29a-5p,MIMAT0004503,2,2,2,0.37
PAG1,ENSG00000076641,hsa-miR-29a-5p,MIMAT0004503,2,2,2,0.51
PCLO,ENSG00000186472,hsa-miR-29a-5p,MIMAT0004503,2,1,1,0.52
PCNX4,ENSG00000126773,hsa-miR-29a-5p,MIMAT0004503,2,2,2,0.81
POLD1,ENSG00000062822,hsa-miR-29a-5p,MIMAT0004503,2,1,2,-1
POLR2B,ENSG00000047315,hsa-miR-29a-5p,MIMAT0004503,2,2,2,-1
PPHLN1,ENSG00000134283,hsa-miR-29a-5p,MIMAT0004503,2,1,2,0.41
PPP1R11,ENSG00000204619,hsa-miR-29a-5p,MIMAT0004503,2,2,2,-1
PPP3CB,ENSG00000107758,hsa-miR-29a-5p,MIMAT0004503,2,2,2,0.78
PRKDC,ENSG00000253729,hsa-miR-29a-5p,MIMAT0004503,2,1,1,-1
PRPF8,ENSG00000174231,hsa-miR-29a-5p,MIMAT0004503,2,2,2,-1
PRRC2C,ENSG00000117523,hsa-miR-29a-5p,MIMAT0004503,2,2,2,0.43
PSMC4,ENSG00000013275,hsa-miR-29a-5p,MIMAT0004503,2,2,2,-1
PSMD11,ENSG00000108671,hsa-miR-29a-5p,MIMAT0004503,2,2,2,0.5
PSMD2,ENSG00000175166,hsa-miR-29a-5p,MIMAT0004503,2,1,2,-1
PTBP1,ENSG00000011304,hsa-miR-29a-5p,MIMAT0004503,2,2,2,0.85
QARS,ENSG00000172053,hsa-miR-29a-5p,MIMAT0004503,2,2,2,-1
RAB22A,ENSG00000124209,hsa-miR-29a-5p,MIMAT0004503,2,1,2,0.43
RAB3GAP1,ENSG00000115839,hsa-miR-29a-5p,MIMAT0004503,2,1,1,0.56
RAB5A,ENSG00000144566,hsa-miR-29a-5p,MIMAT0004503,2,2,2,0.45
RAB5IF,ENSG00000101084,hsa-miR-29a-5p,MIMAT0004503,2,1,1,0.45
RAD21,ENSG00000164754,hsa-miR-29a-5p,MIMAT0004503,2,2,2,0.45
RALYL,ENSG00000184672,hsa-miR-29a-5p,MIMAT0004503,2,1,1,0.53
RANBP6,ENSG00000137040,hsa-miR-29a-5p,MIMAT0004503,2,2,2,0.69
REST,ENSG00000084093,hsa-miR-29a-5p,MIMAT0004503,2,2,2,0.72
RIMS2,ENSG00000176406,hsa-miR-29a-5p,MIMAT0004503,2,2,2,0.8
RNF19A,ENSG00000034677,hsa-miR-29a-5p,MIMAT0004503,2,1,2,-1
ROBO1,ENSG00000169855,hsa-miR-29a-5p,MIMAT0004503,2,2,2,0.93
ROCK2,ENSG00000134318,hsa-miR-29a-5p,MIMAT0004503,2,2,2,0.72
RPL27A,ENSG00000166441,hsa-miR-29a-5p,MIMAT0004503,2,2,2,0.4
RPS19,ENSG00000105372,hsa-miR-29a-5p,MIMAT0004503,2,2,2,-1
S100A11,ENSG00000163191,hsa-miR-29a-5p,MIMAT0004503,2,2,2,-1
SAFB2,ENSG00000130254,hsa-miR-29a-5p,MIMAT0004503,2,1,1,0.38
SAMD9L,ENSG00000177409,hsa-miR-29a-5p,MIMAT0004503,2,2,2,-1
SAP30L,ENSG00000164576,hsa-miR-29a-5p,MIMAT0004503,2,2,2,0.78
SEPTIN2,ENSG00000168385,hsa-miR-29a-5p,MIMAT0004503,2,2,2,0.45
SESN3,ENSG00000149212,hsa-miR-29a-5p,MIMAT0004503,2,2,2,0.94
SF3B3,ENSG00000189091,hsa-miR-29a-5p,MIMAT0004503,2,2,2,0.54
SFPQ,ENSG00000116560,hsa-miR-29a-5p,MIMAT0004503,2,2,2,0.44
SH3BP4,ENSG00000130147,hsa-miR-29a-5p,MIMAT0004503,2,2,2,0.64
SIKE1,ENSG00000052723,hsa-miR-29a-5p,MIMAT0004503,2,2,2,0.71
SIX4,ENSG00000100625,hsa-miR-29a-5p,MIMAT0004503,2,2,2,0.48
SKIL,ENSG00000136603,hsa-miR-29a-5p,MIMAT0004503,2,2,2,0.94
SLC25A36,ENSG00000114120,hsa-miR-29a-5p,MIMAT0004503,2,2,2,0.55
SLC49A4,ENSG00000138463,hsa-miR-29a-5p,MIMAT0004503,2,2,2,0.4
SMG8,ENSG00000167447,hsa-miR-29a-5p,MIMAT0004503,2,2,2,0.38
SNX27,ENSG00000143376,hsa-miR-29a-5p,MIMAT0004503,2,1,2,0.78
SP3,ENSG00000172845,hsa-miR-29a-5p,MIMAT0004503,2,2,2,0.68
SPATS2L,ENSG00000196141,hsa-miR-29a-5p,MIMAT0004503,2,2,2,0.77
SRSF11,ENSG00000116754,hsa-miR-29a-5p,MIMAT0004503,2,2,2,0.6
STAT3,ENSG00000168610,hsa-miR-29a-5p,MIMAT0004503,2,1,1,-1
SUPT6H,ENSG00000109111,hsa-miR-29a-5p,MIMAT0004503,2,1,1,0.42
SYNDIG1,ENSG00000101463,hsa-miR-29a-5p,MIMAT0004503,2,1,1,0.4
SYTL5,ENSG00000147041,hsa-miR-29a-5p,MIMAT0004503,2,2,2,0.67
TENT5C,ENSG00000183508,hsa-miR-29a-5p,MIMAT0004503,2,2,2,0.72
TERF2,ENSG00000132604,hsa-miR-29a-5p,MIMAT0004503,2,1,1,-1
TFG,ENSG00000114354,hsa-miR-29a-5p,MIMAT0004503,2,2,2,-1
TGIF2-RAB5IF,ENSG00000259399,hsa-miR-29a-5p,MIMAT0004503,2,1,1,0.42
TIAL1,ENSG00000151923,hsa-miR-29a-5p,MIMAT0004503,2,2,2,0.59
TLNRD1,ENSG00000140406,hsa-miR-29a-5p,MIMAT0004503,2,1,2,-1
TM9SF2,ENSG00000125304,hsa-miR-29a-5p,MIMAT0004503,2,2,2,-1
TMEM245,ENSG00000106771,hsa-miR-29a-5p,MIMAT0004503,2,2,2,0.79
TMEM26,ENSG00000196932,hsa-miR-29a-5p,MIMAT0004503,2,1,2,0.38
TOX4,ENSG00000092203,hsa-miR-29a-5p,MIMAT0004503,2,1,1,0.38
TP53INP1,ENSG00000164938,hsa-miR-29a-5p,MIMAT0004503,2,2,2,0.7
TRAM2,ENSG00000065308,hsa-miR-29a-5p,MIMAT0004503,2,1,2,0.45
TRAPPC8,ENSG00000153339,hsa-miR-29a-5p,MIMAT0004503,2,2,2,0.91
TRIO,ENSG00000038382,hsa-miR-29a-5p,MIMAT0004503,2,2,2,0.89
UBE3C,ENSG00000009335,hsa-miR-29a-5p,MIMAT0004503,2,2,2,-1
UBN2,ENSG00000157741,hsa-miR-29a-5p,MIMAT0004503,2,2,2,0.79
UBQLN2,ENSG00000188021,hsa-miR-29a-5p,MIMAT0004503,2,2,2,0.51
UBR2,ENSG00000024048,hsa-miR-29a-5p,MIMAT0004503,2,2,2,0.62
UBXN4,ENSG00000144224,hsa-miR-29a-5p,MIMAT0004503,2,1,1,0.54
UGCG,ENSG00000148154,hsa-miR-29a-5p,MIMAT0004503,2,2,2,0.49
USP10,ENSG00000103194,hsa-miR-29a-5p,MIMAT0004503,2,1,2,-1
VPS13B,ENSG00000132549,hsa-miR-29a-5p,MIMAT0004503,2,2,2,0.45
WASHC5,ENSG00000164961,hsa-miR-29a-5p,MIMAT0004503,2,2,2,-1
WASL,ENSG00000106299,hsa-miR-29a-5p,MIMAT0004503,2,1,2,0.68
WDR26,ENSG00000162923,hsa-miR-29a-5p,MIMAT0004503,2,2,2,0.56
XRN2,ENSG00000088930,hsa-miR-29a-5p,MIMAT0004503,2,2,2,-1
ZDHHC20,ENSG00000180776,hsa-miR-29a-5p,MIMAT0004503,2,2,2,0.48
ZFP36L1,ENSG00000185650,hsa-miR-29a-5p,MIMAT0004503,2,1,2,-1
ZHX1,ENSG00000165156,hsa-miR-29a-5p,MIMAT0004503,2,1,1,0.77
ZNF275,ENSG00000063587,hsa-miR-29a-5p,MIMAT0004503,2,2,2,0.4
ZNF639,ENSG00000121864,hsa-miR-29a-5p,MIMAT0004503,2,1,1,0.42
ZNF704,ENSG00000164684,hsa-miR-29a-5p,MIMAT0004503,2,2,2,0.61
ABCD2,ENSG00000173208,hsa-miR-29a-5p,MIMAT0004503,1,1,1,0.55
ABHD17B,ENSG00000107362,hsa-miR-29a-5p,MIMAT0004503,1,1,1,-1
ABHD3,ENSG00000158201,hsa-miR-29a-5p,MIMAT0004503,1,1,1,-1
ABI1,ENSG00000136754,hsa-miR-29a-5p,MIMAT0004503,1,1,1,0.87
AC011481.1,ENSG00000130204,hsa-miR-29a-5p,MIMAT0004503,1,1,1,-1
ACAP2,ENSG00000114331,hsa-miR-29a-5p,MIMAT0004503,1,1,1,0.5
ACTN1,ENSG00000072110,hsa-miR-29a-5p,MIMAT0004503,1,1,1,-1
ADA2,ENSG00000093072,hsa-miR-29a-5p,MIMAT0004503,1,1,1,0.53
ADAR,ENSG00000160710,hsa-miR-29a-5p,MIMAT0004503,1,1,1,0.48
ADCY9,ENSG00000162104,hsa-miR-29a-5p,MIMAT0004503,1,1,1,0.53
ADD1,ENSG00000087274,hsa-miR-29a-5p,MIMAT0004503,1,1,1,0.38
AFF2,ENSG00000155966,hsa-miR-29a-5p,MIMAT0004503,1,1,1,0.54
AFF4,ENSG00000072364,hsa-miR-29a-5p,MIMAT0004503,1,1,1,0.42
AGAP2,ENSG00000135439,hsa-miR-29a-5p,MIMAT0004503,1,1,1,-1
AGO4,ENSG00000134698,hsa-miR-29a-5p,MIMAT0004503,1,1,1,0.65
AGPAT3,ENSG00000160216,hsa-miR-29a-5p,MIMAT0004503,1,1,1,0.65
AGTPBP1,ENSG00000135049,hsa-miR-29a-5p,MIMAT0004503,1,1,1,-1
AHCTF1,ENSG00000153207,hsa-miR-29a-5p,MIMAT0004503,1,1,1,0.61
AHI1,ENSG00000135541,hsa-miR-29a-5p,MIMAT0004503,1,1,1,0.91
AKAP11,ENSG00000023516,hsa-miR-29a-5p,MIMAT0004503,1,1,1,0.81
AKAP5,ENSG00000179841,hsa-miR-29a-5p,MIMAT0004503,1,1,1,0.67
AKAP9,ENSG00000127914,hsa-miR-29a-5p,MIMAT0004503,1,1,1,0.45
AKIRIN1,ENSG00000174574,hsa-miR-29a-5p,MIMAT0004503,1,1,1,-1
ALCAM,ENSG00000170017,hsa-miR-29a-5p,MIMAT0004503,1,1,1,0.39
ALDH6A1,ENSG00000119711,hsa-miR-29a-5p,MIMAT0004503,1,1,1,0.41
ANAPC11,ENSG00000141552,hsa-miR-29a-5p,MIMAT0004503,1,1,1,0.38
ANKHD1,ENSG00000131503,hsa-miR-29a-5p,MIMAT0004503,1,1,1,0.38
ANKRD11,ENSG00000167522,hsa-miR-29a-5p,MIMAT0004503,1,1,1,0.45
ANKRD13C,ENSG00000118454,hsa-miR-29a-5p,MIMAT0004503,1,1,1,0.5
ANKRD17,ENSG00000132466,hsa-miR-29a-5p,MIMAT0004503,1,1,1,0.54
AP3M1,ENSG00000185009,hsa-miR-29a-5p,MIMAT0004503,1,1,1,0.58
APEH,ENSG00000164062,hsa-miR-29a-5p,MIMAT0004503,1,1,1,-1
APLP2,ENSG00000084234,hsa-miR-29a-5p,MIMAT0004503,1,1,1,0.48
APOBEC1,ENSG00000111701,hsa-miR-29a-5p,MIMAT0004503,1,1,1,-1
AQR,ENSG00000021776,hsa-miR-29a-5p,MIMAT0004503,1,1,1,0.67
ARF6,ENSG00000165527,hsa-miR-29a-5p,MIMAT0004503,1,1,1,-1
ARHGAP11A,ENSG00000198826,hsa-miR-29a-5p,MIMAT0004503,1,1,1,0.59
ARHGAP12,ENSG00000165322,hsa-miR-29a-5p,MIMAT0004503,1,1,1,0.87
ARHGAP42,ENSG00000165895,hsa-miR-29a-5p,MIMAT0004503,1,1,1,0.44
ARHGEF17,ENSG00000110237,hsa-miR-29a-5p,MIMAT0004503,1,1,1,0.38
ARID1B,ENSG00000049618,hsa-miR-29a-5p,MIMAT0004503,1,1,1,0.45
ARID4B,ENSG00000054267,hsa-miR-29a-5p,MIMAT0004503,1,1,1,0.82
ARID5B,ENSG00000150347,hsa-miR-29a-5p,MIMAT0004503,1,1,1,0.4
ARPC4,ENSG00000241553,hsa-miR-29a-5p,MIMAT0004503,1,1,1,-1
ARRDC3,ENSG00000113369,hsa-miR-29a-5p,MIMAT0004503,1,1,1,0.43
ASAP1,ENSG00000153317,hsa-miR-29a-5p,MIMAT0004503,1,1,1,0.38
ASB9,ENSG00000102048,hsa-miR-29a-5p,MIMAT0004503,1,1,1,-1
ASXL3,ENSG00000141431,hsa-miR-29a-5p,MIMAT0004503,1,1,1,0.47
ATP1B1,ENSG00000143153,hsa-miR-29a-5p,MIMAT0004503,1,1,1,-1
ATP2B1,ENSG00000070961,hsa-miR-29a-5p,MIMAT0004503,1,1,1,0.6
ATP2B3,ENSG00000067842,hsa-miR-29a-5p,MIMAT0004503,1,1,1,0.37
ATP2C2,ENSG00000064270,hsa-miR-29a-5p,MIMAT0004503,1,1,1,0.4
ATP5F1A,ENSG00000152234,hsa-miR-29a-5p,MIMAT0004503,1,1,1,-1
ATP5MC3,ENSG00000154518,hsa-miR-29a-5p,MIMAT0004503,1,1,1,0.54
ATP6V1B2,ENSG00000147416,hsa-miR-29a-5p,MIMAT0004503,1,1,1,-1
ATP6V1E1,ENSG00000131100,hsa-miR-29a-5p,MIMAT0004503,1,1,1,-1
ATXN7L3B,ENSG00000253719,hsa-miR-29a-5p,MIMAT0004503,1,1,1,0.8
BBX,ENSG00000114439,hsa-miR-29a-5p,MIMAT0004503,1,1,1,-1
BCAS4,ENSG00000124243,hsa-miR-29a-5p,MIMAT0004503,1,1,1,0.65
BCL2,ENSG00000171791,hsa-miR-29a-5p,MIMAT0004503,1,1,1,0.77
BCL2L11,ENSG00000153094,hsa-miR-29a-5p,MIMAT0004503,1,1,1,0.5
BCOR,ENSG00000183337,hsa-miR-29a-5p,MIMAT0004503,1,1,1,0.4
BICRAL,ENSG00000112624,hsa-miR-29a-5p,MIMAT0004503,1,1,1,0.48
BIN1,ENSG00000136717,hsa-miR-29a-5p,MIMAT0004503,1,1,1,0.39
BMI1,ENSG00000168283,hsa-miR-29a-5p,MIMAT0004503,1,1,1,0.6
BMPR2,ENSG00000204217,hsa-miR-29a-5p,MIMAT0004503,1,1,1,0.8
BRCA2,ENSG00000139618,hsa-miR-29a-5p,MIMAT0004503,1,1,1,0.88
BTBD8,ENSG00000189195,hsa-miR-29a-5p,MIMAT0004503,1,1,1,0.51
BZW1,ENSG00000082153,hsa-miR-29a-5p,MIMAT0004503,1,1,1,0.53
C12ORF4,ENSG00000047621,hsa-miR-29a-5p,MIMAT0004503,1,1,1,0.43
C16ORF72,ENSG00000182831,hsa-miR-29a-5p,MIMAT0004503,1,1,1,0.5
C19ORF53,ENSG00000104979,hsa-miR-29a-5p,MIMAT0004503,1,1,1,-1
C6ORF106,ENSG00000196821,hsa-miR-29a-5p,MIMAT0004503,1,1,1,0.48
CACNA2D1,ENSG00000153956,hsa-miR-29a-5p,MIMAT0004503,1,1,1,0.92
CACUL1,ENSG00000151893,hsa-miR-29a-5p,MIMAT0004503,1,1,1,0.78
CADPS2,ENSG00000081803,hsa-miR-29a-5p,MIMAT0004503,1,1,1,0.42
CAMSAP2,ENSG00000118200,hsa-miR-29a-5p,MIMAT0004503,1,1,1,0.68
CAP1,ENSG00000131236,hsa-miR-29a-5p,MIMAT0004503,1,1,1,0.42
CASC4,ENSG00000166734,hsa-miR-29a-5p,MIMAT0004503,1,1,1,0.65
CBL,ENSG00000110395,hsa-miR-29a-5p,MIMAT0004503,1,1,1,0.7
CCDC50,ENSG00000152492,hsa-miR-29a-5p,MIMAT0004503,1,1,1,0.49
CCDC80,ENSG00000091986,hsa-miR-29a-5p,MIMAT0004503,1,1,1,0.45
CCDC91,ENSG00000123106,hsa-miR-29a-5p,MIMAT0004503,1,1,1,-1
CCND2,ENSG00000118971,hsa-miR-29a-5p,MIMAT0004503,1,1,1,0.57
CCNT1,ENSG00000129315,hsa-miR-29a-5p,MIMAT0004503,1,1,1,0.64
CCNT2,ENSG00000082258,hsa-miR-29a-5p,MIMAT0004503,1,1,1,0.47
CD2AP,ENSG00000198087,hsa-miR-29a-5p,MIMAT0004503,1,1,1,0.88
CD44,ENSG00000026508,hsa-miR-29a-5p,MIMAT0004503,1,1,1,0.58
CDCA2,ENSG00000184661,hsa-miR-29a-5p,MIMAT0004503,1,1,1,-1
CDH2,ENSG00000170558,hsa-miR-29a-5p,MIMAT0004503,1,1,1,-1
CDK12,ENSG00000167258,hsa-miR-29a-5p,MIMAT0004503,1,1,1,-1
CDK16,ENSG00000102225,hsa-miR-29a-5p,MIMAT0004503,1,1,1,-1
CDKL5,ENSG00000008086,hsa-miR-29a-5p,MIMAT0004503,1,1,1,0.69
CENPF,ENSG00000117724,hsa-miR-29a-5p,MIMAT0004503,1,1,1,0.65
CEP55,ENSG00000138180,hsa-miR-29a-5p,MIMAT0004503,1,1,1,0.5
CEP57,ENSG00000166037,hsa-miR-29a-5p,MIMAT0004503,1,1,1,0.56
CEPT1,ENSG00000134255,hsa-miR-29a-5p,MIMAT0004503,1,1,1,-1
CERS2,ENSG00000143418,hsa-miR-29a-5p,MIMAT0004503,1,1,1,-1
CERS6,ENSG00000172292,hsa-miR-29a-5p,MIMAT0004503,1,1,1,0.51
CFL1,ENSG00000172757,hsa-miR-29a-5p,MIMAT0004503,1,1,1,-1
CHCHD10,ENSG00000250479,hsa-miR-29a-5p,MIMAT0004503,1,1,1,-1
CHD6,ENSG00000124177,hsa-miR-29a-5p,MIMAT0004503,1,1,1,0.55
CHM,ENSG00000188419,hsa-miR-29a-5p,MIMAT0004503,1,1,1,0.55
CHRM5,ENSG00000184984,hsa-miR-29a-5p,MIMAT0004503,1,1,1,0.38
CIITA,ENSG00000179583,hsa-miR-29a-5p,MIMAT0004503,1,1,1,0.41
CLASP2,ENSG00000163539,hsa-miR-29a-5p,MIMAT0004503,1,1,1,0.66
CLCN6,ENSG00000011021,hsa-miR-29a-5p,MIMAT0004503,1,1,1,0.43
CLIC4,ENSG00000169504,hsa-miR-29a-5p,MIMAT0004503,1,1,1,-1
CLOCK,ENSG00000134852,hsa-miR-29a-5p,MIMAT0004503,1,1,1,0.65
CLSPN,ENSG00000092853,hsa-miR-29a-5p,MIMAT0004503,1,1,1,0.72
CNIH1,ENSG00000100528,hsa-miR-29a-5p,MIMAT0004503,1,1,1,0.73
CNKSR3,ENSG00000153721,hsa-miR-29a-5p,MIMAT0004503,1,1,1,0.84
CNOT6,ENSG00000113300,hsa-miR-29a-5p,MIMAT0004503,1,1,1,0.48
COL5A2,ENSG00000204262,hsa-miR-29a-5p,MIMAT0004503,1,1,1,0.44
COMMD7,ENSG00000149600,hsa-miR-29a-5p,MIMAT0004503,1,1,1,0.62
COPS7A,ENSG00000111652,hsa-miR-29a-5p,MIMAT0004503,1,1,1,-1
COQ9,ENSG00000088682,hsa-miR-29a-5p,MIMAT0004503,1,1,1,-1
COX7C,ENSG00000127184,hsa-miR-29a-5p,MIMAT0004503,1,1,1,0.79
CPEB2,ENSG00000137449,hsa-miR-29a-5p,MIMAT0004503,1,1,1,0.86
CPNE1,ENSG00000214078,hsa-miR-29a-5p,MIMAT0004503,1,1,1,0.4
CPSF7,ENSG00000149532,hsa-miR-29a-5p,MIMAT0004503,1,1,1,-1
CRBN,ENSG00000113851,hsa-miR-29a-5p,MIMAT0004503,1,1,1,-1
CREB3L2,ENSG00000182158,hsa-miR-29a-5p,MIMAT0004503,1,1,1,0.39
CRTAP,ENSG00000170275,hsa-miR-29a-5p,MIMAT0004503,1,1,1,0.89
CSRNP3,ENSG00000178662,hsa-miR-29a-5p,MIMAT0004503,1,1,1,0.81
CTNNAL1,ENSG00000119326,hsa-miR-29a-5p,MIMAT0004503,1,1,1,0.41
CTNND2,ENSG00000169862,hsa-miR-29a-5p,MIMAT0004503,1,1,1,0.65
CTPS1,ENSG00000171793,hsa-miR-29a-5p,MIMAT0004503,1,1,1,0.88
CTSA,ENSG00000064601,hsa-miR-29a-5p,MIMAT0004503,1,1,1,-1
CUL2,ENSG00000108094,hsa-miR-29a-5p,MIMAT0004503,1,1,1,0.42
CXXC5,ENSG00000171604,hsa-miR-29a-5p,MIMAT0004503,1,1,1,0.65
CYB5A,ENSG00000166347,hsa-miR-29a-5p,MIMAT0004503,1,1,1,0.42
CYB5B,ENSG00000103018,hsa-miR-29a-5p,MIMAT0004503,1,1,1,0.58
CYLD,ENSG00000083799,hsa-miR-29a-5p,MIMAT0004503,1,1,1,0.55
CYP51A1,ENSG00000001630,hsa-miR-29a-5p,MIMAT0004503,1,1,1,0.41
CYTH1,ENSG00000108669,hsa-miR-29a-5p,MIMAT0004503,1,1,1,-1
DAXX,ENSG00000204209,hsa-miR-29a-5p,MIMAT0004503,1,1,1,-1
DAZAP2,ENSG00000183283,hsa-miR-29a-5p,MIMAT0004503,1,1,1,-1
DCAF4L1,ENSG00000182308,hsa-miR-29a-5p,MIMAT0004503,1,1,1,0.62
DCAF5,ENSG00000139990,hsa-miR-29a-5p,MIMAT0004503,1,1,1,0.64
DCK,ENSG00000156136,hsa-miR-29a-5p,MIMAT0004503,1,1,1,-1
DCLRE1C,ENSG00000152457,hsa-miR-29a-5p,MIMAT0004503,1,1,1,0.66
DDX17,ENSG00000100201,hsa-miR-29a-5p,MIMAT0004503,1,1,1,0.42
DDX27,ENSG00000124228,hsa-miR-29a-5p,MIMAT0004503,1,1,1,-1
DDX46,ENSG00000145833,hsa-miR-29a-5p,MIMAT0004503,1,1,1,0.58
DDX50,ENSG00000107625,hsa-miR-29a-5p,MIMAT0004503,1,1,1,0.42
DDX6,ENSG00000110367,hsa-miR-29a-5p,MIMAT0004503,1,1,1,0.4
DEDD,ENSG00000158796,hsa-miR-29a-5p,MIMAT0004503,1,1,1,-1
DEGS1,ENSG00000143753,hsa-miR-29a-5p,MIMAT0004503,1,1,1,-1
DENND3,ENSG00000105339,hsa-miR-29a-5p,MIMAT0004503,1,1,1,0.38
DENND4C,ENSG00000137145,hsa-miR-29a-5p,MIMAT0004503,1,1,1,0.53
DESI2,ENSG00000121644,hsa-miR-29a-5p,MIMAT0004503,1,1,1,0.41
DHRS3,ENSG00000162496,hsa-miR-29a-5p,MIMAT0004503,1,1,1,-1
DIABLO,ENSG00000284934,hsa-miR-29a-5p,MIMAT0004503,1,1,1,0.43
DICER1,ENSG00000100697,hsa-miR-29a-5p,MIMAT0004503,1,1,1,0.63
DLAT,ENSG00000150768,hsa-miR-29a-5p,MIMAT0004503,1,1,1,0.83
DLD,ENSG00000091140,hsa-miR-29a-5p,MIMAT0004503,1,1,1,0.41
DLX1,ENSG00000144355,hsa-miR-29a-5p,MIMAT0004503,1,1,1,0.53
DLX2,ENSG00000115844,hsa-miR-29a-5p,MIMAT0004503,1,1,1,-1
DMD,ENSG00000198947,hsa-miR-29a-5p,MIMAT0004503,1,1,1,0.68
DNAJC13,ENSG00000138246,hsa-miR-29a-5p,MIMAT0004503,1,1,1,0.64
DNMBP,ENSG00000107554,hsa-miR-29a-5p,MIMAT0004503,1,1,1,0.43
DOCK3,ENSG00000088538,hsa-miR-29a-5p,MIMAT0004503,1,1,1,0.43
DOCK7,ENSG00000116641,hsa-miR-29a-5p,MIMAT0004503,1,1,1,0.72
DPY19L4,ENSG00000156162,hsa-miR-29a-5p,MIMAT0004503,1,1,1,0.63
DSTYK,ENSG00000133059,hsa-miR-29a-5p,MIMAT0004503,1,1,1,0.48
DUSP10,ENSG00000143507,hsa-miR-29a-5p,MIMAT0004503,1,1,1,-1
E2F7,ENSG00000165891,hsa-miR-29a-5p,MIMAT0004503,1,1,1,0.55
EAF1,ENSG00000144597,hsa-miR-29a-5p,MIMAT0004503,1,1,1,0.7
EED,ENSG00000074266,hsa-miR-29a-5p,MIMAT0004503,1,1,1,0.49
EEF2,ENSG00000167658,hsa-miR-29a-5p,MIMAT0004503,1,1,1,-1
EFCAB14,ENSG00000159658,hsa-miR-29a-5p,MIMAT0004503,1,1,1,0.6
EFTUD2,ENSG00000108883,hsa-miR-29a-5p,MIMAT0004503,1,1,1,0.39
EGLN1,ENSG00000135766,hsa-miR-29a-5p,MIMAT0004503,1,1,1,0.9
EHF,ENSG00000135373,hsa-miR-29a-5p,MIMAT0004503,1,1,1,0.95
EIF3H,ENSG00000147677,hsa-miR-29a-5p,MIMAT0004503,1,1,1,0.59
EIF3I,ENSG00000084623,hsa-miR-29a-5p,MIMAT0004503,1,1,1,-1
EIF3J,ENSG00000104131,hsa-miR-29a-5p,MIMAT0004503,1,1,1,0.62
EIF4E3,ENSG00000163412,hsa-miR-29a-5p,MIMAT0004503,1,1,1,0.5
EIF4G1,ENSG00000114867,hsa-miR-29a-5p,MIMAT0004503,1,1,1,0.36
ELAPOR2,ENSG00000164659,hsa-miR-29a-5p,MIMAT0004503,1,1,1,0.48
ELL2,ENSG00000118985,hsa-miR-29a-5p,MIMAT0004503,1,1,1,0.62
ELMO1,ENSG00000155849,hsa-miR-29a-5p,MIMAT0004503,1,1,1,0.62
ELOF1,ENSG00000130165,hsa-miR-29a-5p,MIMAT0004503,1,1,1,-1
ELOVL5,ENSG00000012660,hsa-miR-29a-5p,MIMAT0004503,1,1,1,0.53
EMC2,ENSG00000104412,hsa-miR-29a-5p,MIMAT0004503,1,1,1,0.74
ENG,ENSG00000106991,hsa-miR-29a-5p,MIMAT0004503,1,1,1,0.87
ERCC1,ENSG00000012061,hsa-miR-29a-5p,MIMAT0004503,1,1,1,-1
ERCC3,ENSG00000163161,hsa-miR-29a-5p,MIMAT0004503,1,1,1,-1
ESRP2,ENSG00000103067,hsa-miR-29a-5p,MIMAT0004503,1,1,1,-1
ESRRG,ENSG00000196482,hsa-miR-29a-5p,MIMAT0004503,1,1,1,0.76
ETF1,ENSG00000120705,hsa-miR-29a-5p,MIMAT0004503,1,1,1,0.41
ETFRF1,ENSG00000205707,hsa-miR-29a-5p,MIMAT0004503,1,1,1,-1
ETS2,ENSG00000157557,hsa-miR-29a-5p,MIMAT0004503,1,1,1,-1
EVI5,ENSG00000067208,hsa-miR-29a-5p,MIMAT0004503,1,1,1,0.78
EXOC3,ENSG00000180104,hsa-miR-29a-5p,MIMAT0004503,1,1,1,0.36
EXPH5,ENSG00000110723,hsa-miR-29a-5p,MIMAT0004503,1,1,1,-1
FABP3,ENSG00000121769,hsa-miR-29a-5p,MIMAT0004503,1,1,1,0.39
FAM126B,ENSG00000155744,hsa-miR-29a-5p,MIMAT0004503,1,1,1,0.91
FAM13B,ENSG00000031003,hsa-miR-29a-5p,MIMAT0004503,1,1,1,0.54
FAM171B,ENSG00000144369,hsa-miR-29a-5p,MIMAT0004503,1,1,1,0.43
FAM49B,ENSG00000153310,hsa-miR-29a-5p,MIMAT0004503,1,1,1,0.94
FAM83D,ENSG00000101447,hsa-miR-29a-5p,MIMAT0004503,1,1,1,-1
FARP1,ENSG00000152767,hsa-miR-29a-5p,MIMAT0004503,1,1,1,0.51
FASN,ENSG00000169710,hsa-miR-29a-5p,MIMAT0004503,1,1,1,-1
FAT1,ENSG00000083857,hsa-miR-29a-5p,MIMAT0004503,1,1,1,0.6
FBRSL1,ENSG00000112787,hsa-miR-29a-5p,MIMAT0004503,1,1,1,0.52
FBXO33,ENSG00000165355,hsa-miR-29a-5p,MIMAT0004503,1,1,1,0.76
FEM1B,ENSG00000169018,hsa-miR-29a-5p,MIMAT0004503,1,1,1,0.51
FEM1C,ENSG00000145780,hsa-miR-29a-5p,MIMAT0004503,1,1,1,0.49
FER,ENSG00000151422,hsa-miR-29a-5p,MIMAT0004503,1,1,1,0.74
FERMT2,ENSG00000073712,hsa-miR-29a-5p,MIMAT0004503,1,1,1,0.59
FGF13,ENSG00000129682,hsa-miR-29a-5p,MIMAT0004503,1,1,1,0.88
FH,ENSG00000091483,hsa-miR-29a-5p,MIMAT0004503,1,1,1,0.47
FHIP1A,ENSG00000164142,hsa-miR-29a-5p,MIMAT0004503,1,1,1,0.65
FHIP2A,ENSG00000151553,hsa-miR-29a-5p,MIMAT0004503,1,1,1,0.55
FLNA,ENSG00000196924,hsa-miR-29a-5p,MIMAT0004503,1,1,1,0.57
FOXJ3,ENSG00000198815,hsa-miR-29a-5p,MIMAT0004503,1,1,1,0.64
FSCN1,ENSG00000075618,hsa-miR-29a-5p,MIMAT0004503,1,1,1,0.73
FSTL5,ENSG00000168843,hsa-miR-29a-5p,MIMAT0004503,1,1,1,0.73
FUBP1,ENSG00000162613,hsa-miR-29a-5p,MIMAT0004503,1,1,1,0.68
FXR2,ENSG00000129245,hsa-miR-29a-5p,MIMAT0004503,1,1,1,-1
FZD6,ENSG00000164930,hsa-miR-29a-5p,MIMAT0004503,1,1,1,-1
GABPA,ENSG00000154727,hsa-miR-29a-5p,MIMAT0004503,1,1,1,0.71
GABRA5,ENSG00000186297,hsa-miR-29a-5p,MIMAT0004503,1,1,1,-1
GABRG2,ENSG00000113327,hsa-miR-29a-5p,MIMAT0004503,1,1,1,0.6
GALC,ENSG00000054983,hsa-miR-29a-5p,MIMAT0004503,1,1,1,0.6
GALNT1,ENSG00000141429,hsa-miR-29a-5p,MIMAT0004503,1,1,1,0.7
GARS,ENSG00000106105,hsa-miR-29a-5p,MIMAT0004503,1,1,1,0.48
GCN1,ENSG00000089154,hsa-miR-29a-5p,MIMAT0004503,1,1,1,-1
GFPT2,ENSG00000131459,hsa-miR-29a-5p,MIMAT0004503,1,1,1,-1
GID4,ENSG00000141034,hsa-miR-29a-5p,MIMAT0004503,1,1,1,0.38
GLYR1,ENSG00000140632,hsa-miR-29a-5p,MIMAT0004503,1,1,1,0.41
GNB2,ENSG00000172354,hsa-miR-29a-5p,MIMAT0004503,1,1,1,-1
GNPDA2,ENSG00000163281,hsa-miR-29a-5p,MIMAT0004503,1,1,1,0.45
GOLGA7,ENSG00000147533,hsa-miR-29a-5p,MIMAT0004503,1,1,1,0.62
GOSR2,ENSG00000108433,hsa-miR-29a-5p,MIMAT0004503,1,1,1,-1
GPR63,ENSG00000112218,hsa-miR-29a-5p,MIMAT0004503,1,1,1,0.38
GPRC5A,ENSG00000013588,hsa-miR-29a-5p,MIMAT0004503,1,1,1,0.41
GREB1L,ENSG00000141449,hsa-miR-29a-5p,MIMAT0004503,1,1,1,0.82
GRK2,ENSG00000173020,hsa-miR-29a-5p,MIMAT0004503,1,1,1,0.41
GRM5,ENSG00000168959,hsa-miR-29a-5p,MIMAT0004503,1,1,1,-1
GTF2A2,ENSG00000140307,hsa-miR-29a-5p,MIMAT0004503,1,1,1,-1
GTF2I,ENSG00000263001,hsa-miR-29a-5p,MIMAT0004503,1,1,1,0.53
GTF2IRD1,ENSG00000006704,hsa-miR-29a-5p,MIMAT0004503,1,1,1,0.43
GTF3C2,ENSG00000115207,hsa-miR-29a-5p,MIMAT0004503,1,1,1,0.39
GTPBP4,ENSG00000107937,hsa-miR-29a-5p,MIMAT0004503,1,1,1,0.4
HACD2,ENSG00000206527,hsa-miR-29a-5p,MIMAT0004503,1,1,1,0.54
HBS1L,ENSG00000112339,hsa-miR-29a-5p,MIMAT0004503,1,1,1,0.52
HCFC1,ENSG00000172534,hsa-miR-29a-5p,MIMAT0004503,1,1,1,0.44
HDLBP,ENSG00000115677,hsa-miR-29a-5p,MIMAT0004503,1,1,1,0.37
HEATR6,ENSG00000068097,hsa-miR-29a-5p,MIMAT0004503,1,1,1,0.65
HELZ,ENSG00000198265,hsa-miR-29a-5p,MIMAT0004503,1,1,1,0.84
HEXIM1,ENSG00000186834,hsa-miR-29a-5p,MIMAT0004503,1,1,1,0.64
HIF1AN,ENSG00000166135,hsa-miR-29a-5p,MIMAT0004503,1,1,1,0.67
HINT3,ENSG00000111911,hsa-miR-29a-5p,MIMAT0004503,1,1,1,0.76
HIPK1,ENSG00000163349,hsa-miR-29a-5p,MIMAT0004503,1,1,1,-1
HIPK2,ENSG00000064393,hsa-miR-29a-5p,MIMAT0004503,1,1,1,0.39
HIPK3,ENSG00000110422,hsa-miR-29a-5p,MIMAT0004503,1,1,1,0.44
HLF,ENSG00000108924,hsa-miR-29a-5p,MIMAT0004503,1,1,1,0.72
HMGA2,ENSG00000149948,hsa-miR-29a-5p,MIMAT0004503,1,1,1,0.76
HMGCL,ENSG00000117305,hsa-miR-29a-5p,MIMAT0004503,1,1,1,-1
HMGXB4,ENSG00000100281,hsa-miR-29a-5p,MIMAT0004503,1,1,1,0.68
HNRNPH2,ENSG00000126945,hsa-miR-29a-5p,MIMAT0004503,1,1,1,-1
HNRNPK,ENSG00000165119,hsa-miR-29a-5p,MIMAT0004503,1,1,1,0.44
HOOK3,ENSG00000168172,hsa-miR-29a-5p,MIMAT0004503,1,1,1,0.69
HOXC8,ENSG00000037965,hsa-miR-29a-5p,MIMAT0004503,1,1,1,-1
HS6ST2,ENSG00000171004,hsa-miR-29a-5p,MIMAT0004503,1,1,1,0.4
HSD17B11,ENSG00000198189,hsa-miR-29a-5p,MIMAT0004503,1,1,1,0.71
HSP90AB1,ENSG00000096384,hsa-miR-29a-5p,MIMAT0004503,1,1,1,-1
HSP90B1,ENSG00000166598,hsa-miR-29a-5p,MIMAT0004503,1,1,1,-1
HUS1,ENSG00000136273,hsa-miR-29a-5p,MIMAT0004503,1,1,1,-1
HUWE1,ENSG00000086758,hsa-miR-29a-5p,MIMAT0004503,1,1,1,-1
ID2,ENSG00000115738,hsa-miR-29a-5p,MIMAT0004503,1,1,1,-1
IER5,ENSG00000162783,hsa-miR-29a-5p,MIMAT0004503,1,1,1,0.7
IFRD2,ENSG00000214706,hsa-miR-29a-5p,MIMAT0004503,1,1,1,0.36
IGHMBP2,ENSG00000132740,hsa-miR-29a-5p,MIMAT0004503,1,1,1,-1
IGSF9B,ENSG00000080854,hsa-miR-29a-5p,MIMAT0004503,1,1,1,0.47
IKBIP,ENSG00000166130,hsa-miR-29a-5p,MIMAT0004503,1,1,1,0.69
IL16,ENSG00000172349,hsa-miR-29a-5p,MIMAT0004503,1,1,1,0.52
IL1RL1,ENSG00000115602,hsa-miR-29a-5p,MIMAT0004503,1,1,1,-1
IL36RN,ENSG00000136695,hsa-miR-29a-5p,MIMAT0004503,1,1,1,-1
ILKAP,ENSG00000132323,hsa-miR-29a-5p,MIMAT0004503,1,1,1,-1
IMPDH2,ENSG00000178035,hsa-miR-29a-5p,MIMAT0004503,1,1,1,-1
INSR,ENSG00000171105,hsa-miR-29a-5p,MIMAT0004503,1,1,1,0.4
INTS6,ENSG00000102786,hsa-miR-29a-5p,MIMAT0004503,1,1,1,0.46
IPO7,ENSG00000205339,hsa-miR-29a-5p,MIMAT0004503,1,1,1,0.71
IQGAP3,ENSG00000183856,hsa-miR-29a-5p,MIMAT0004503,1,1,1,0.38
IQSEC1,ENSG00000144711,hsa-miR-29a-5p,MIMAT0004503,1,1,1,0.4
IREB2,ENSG00000136381,hsa-miR-29a-5p,MIMAT0004503,1,1,1,0.64
IRF1,ENSG00000125347,hsa-miR-29a-5p,MIMAT0004503,1,1,1,-1
IRF2BP2,ENSG00000168264,hsa-miR-29a-5p,MIMAT0004503,1,1,1,0.82
ITGAV,ENSG00000138448,hsa-miR-29a-5p,MIMAT0004503,1,1,1,0.61
ITGB1BP1,ENSG00000119185,hsa-miR-29a-5p,MIMAT0004503,1,1,1,0.48
ITSN1,ENSG00000205726,hsa-miR-29a-5p,MIMAT0004503,1,1,1,0.52
JMJD1C,ENSG00000171988,hsa-miR-29a-5p,MIMAT0004503,1,1,1,0.73
JMJD8,ENSG00000161999,hsa-miR-29a-5p,MIMAT0004503,1,1,1,-1
KAT6B,ENSG00000156650,hsa-miR-29a-5p,MIMAT0004503,1,1,1,0.36
KBTBD2,ENSG00000170852,hsa-miR-29a-5p,MIMAT0004503,1,1,1,0.86
KDM5B,ENSG00000117139,hsa-miR-29a-5p,MIMAT0004503,1,1,1,0.63
KEAP1,ENSG00000079999,hsa-miR-29a-5p,MIMAT0004503,1,1,1,-1
KHSRP,ENSG00000088247,hsa-miR-29a-5p,MIMAT0004503,1,1,1,-1
KIAA0408,ENSG00000189367,hsa-miR-29a-5p,MIMAT0004503,1,1,1,0.73
KIAA1143,ENSG00000163807,hsa-miR-29a-5p,MIMAT0004503,1,1,1,0.58
KIAA1549L,ENSG00000110427,hsa-miR-29a-5p,MIMAT0004503,1,1,1,0.94
KIF18B,ENSG00000186185,hsa-miR-29a-5p,MIMAT0004503,1,1,1,-1
KIF23,ENSG00000137807,hsa-miR-29a-5p,MIMAT0004503,1,1,1,-1
KIF3B,ENSG00000101350,hsa-miR-29a-5p,MIMAT0004503,1,1,1,0.69
KIF5A,ENSG00000155980,hsa-miR-29a-5p,MIMAT0004503,1,1,1,0.42
KLHL11,ENSG00000178502,hsa-miR-29a-5p,MIMAT0004503,1,1,1,0.63
KLHL20,ENSG00000076321,hsa-miR-29a-5p,MIMAT0004503,1,1,1,0.41
KMT2A,ENSG00000118058,hsa-miR-29a-5p,MIMAT0004503,1,1,1,0.72
KPNA1,ENSG00000114030,hsa-miR-29a-5p,MIMAT0004503,1,1,1,0.53
KPNA6,ENSG00000025800,hsa-miR-29a-5p,MIMAT0004503,1,1,1,0.36
KRAS,ENSG00000133703,hsa-miR-29a-5p,MIMAT0004503,1,1,1,0.48
KRBOX4,ENSG00000147121,hsa-miR-29a-5p,MIMAT0004503,1,1,1,0.49
KRT222,ENSG00000213424,hsa-miR-29a-5p,MIMAT0004503,1,1,1,0.98
KSR2,ENSG00000171435,hsa-miR-29a-5p,MIMAT0004503,1,1,1,0.54
LAMP2,ENSG00000005893,hsa-miR-29a-5p,MIMAT0004503,1,1,1,0.73
LAMTOR3,ENSG00000109270,hsa-miR-29a-5p,MIMAT0004503,1,1,1,0.85
LARP1,ENSG00000155506,hsa-miR-29a-5p,MIMAT0004503,1,1,1,0.61
LARP4,ENSG00000161813,hsa-miR-29a-5p,MIMAT0004503,1,1,1,0.56
LARP4B,ENSG00000107929,hsa-miR-29a-5p,MIMAT0004503,1,1,1,0.76
LARS,ENSG00000133706,hsa-miR-29a-5p,MIMAT0004503,1,1,1,0.57
LATS1,ENSG00000131023,hsa-miR-29a-5p,MIMAT0004503,1,1,1,0.91
LCORL,ENSG00000178177,hsa-miR-29a-5p,MIMAT0004503,1,1,1,0.76
LEF1,ENSG00000138795,hsa-miR-29a-5p,MIMAT0004503,1,1,1,-1
LIF,ENSG00000128342,hsa-miR-29a-5p,MIMAT0004503,1,1,1,-1
LIN54,ENSG00000189308,hsa-miR-29a-5p,MIMAT0004503,1,1,1,0.4
LMBR1,ENSG00000105983,hsa-miR-29a-5p,MIMAT0004503,1,1,1,0.48
LMO4,ENSG00000143013,hsa-miR-29a-5p,MIMAT0004503,1,1,1,0.65
LNPEP,ENSG00000113441,hsa-miR-29a-5p,MIMAT0004503,1,1,1,0.75
LRBA,ENSG00000198589,hsa-miR-29a-5p,MIMAT0004503,1,1,1,0.52
LRP1,ENSG00000123384,hsa-miR-29a-5p,MIMAT0004503,1,1,1,-1
LRP1B,ENSG00000168702,hsa-miR-29a-5p,MIMAT0004503,1,1,1,0.43
LRP2,ENSG00000081479,hsa-miR-29a-5p,MIMAT0004503,1,1,1,-1
LRPPRC,ENSG00000138095,hsa-miR-29a-5p,MIMAT0004503,1,1,1,-1
LRRC58,ENSG00000163428,hsa-miR-29a-5p,MIMAT0004503,1,1,1,0.41
LRRC59,ENSG00000108829,hsa-miR-29a-5p,MIMAT0004503,1,1,1,0.4
LRRC8C,ENSG00000171488,hsa-miR-29a-5p,MIMAT0004503,1,1,1,0.44
LSM8,ENSG00000128534,hsa-miR-29a-5p,MIMAT0004503,1,1,1,0.73
LUC7L3,ENSG00000108848,hsa-miR-29a-5p,MIMAT0004503,1,1,1,0.45
LY6E,ENSG00000160932,hsa-miR-29a-5p,MIMAT0004503,1,1,1,-1
LYPLA1,ENSG00000120992,hsa-miR-29a-5p,MIMAT0004503,1,1,1,0.6
LYST,ENSG00000143669,hsa-miR-29a-5p,MIMAT0004503,1,1,1,0.46
MACROD2,ENSG00000172264,hsa-miR-29a-5p,MIMAT0004503,1,1,1,0.77
MACROH2A1,ENSG00000113648,hsa-miR-29a-5p,MIMAT0004503,1,1,1,0.48
MAL2,ENSG00000147676,hsa-miR-29a-5p,MIMAT0004503,1,1,1,0.57
MAML1,ENSG00000161021,hsa-miR-29a-5p,MIMAT0004503,1,1,1,0.39
MAN1A1,ENSG00000111885,hsa-miR-29a-5p,MIMAT0004503,1,1,1,0.68
MAP1LC3B2,ENSG00000258102,hsa-miR-29a-5p,MIMAT0004503,1,1,1,0.45
MAP3K1,ENSG00000095015,hsa-miR-29a-5p,MIMAT0004503,1,1,1,0.9
MAP3K12,ENSG00000139625,hsa-miR-29a-5p,MIMAT0004503,1,1,1,-1
MAP3K9,ENSG00000006432,hsa-miR-29a-5p,MIMAT0004503,1,1,1,0.36
MAP4,ENSG00000047849,hsa-miR-29a-5p,MIMAT0004503,1,1,1,0.52
MAP4K4,ENSG00000071054,hsa-miR-29a-5p,MIMAT0004503,1,1,1,0.57
MAPKAPK2,ENSG00000162889,hsa-miR-29a-5p,MIMAT0004503,1,1,1,0.5
MAPRE1,ENSG00000101367,hsa-miR-29a-5p,MIMAT0004503,1,1,1,0.86
MAPRE3,ENSG00000084764,hsa-miR-29a-5p,MIMAT0004503,1,1,1,-1
MAPT,ENSG00000186868,hsa-miR-29a-5p,MIMAT0004503,1,1,1,0.69
MARCKSL1,ENSG00000175130,hsa-miR-29a-5p,MIMAT0004503,1,1,1,-1
MAT2B,ENSG00000038274,hsa-miR-29a-5p,MIMAT0004503,1,1,1,0.49
MBNL1,ENSG00000152601,hsa-miR-29a-5p,MIMAT0004503,1,1,1,0.45
MBP,ENSG00000197971,hsa-miR-29a-5p,MIMAT0004503,1,1,1,0.48
MCCC2,ENSG00000131844,hsa-miR-29a-5p,MIMAT0004503,1,1,1,0.73
MCF2,ENSG00000101977,hsa-miR-29a-5p,MIMAT0004503,1,1,1,0.39
MDM4,ENSG00000198625,hsa-miR-29a-5p,MIMAT0004503,1,1,1,0.58
MED13,ENSG00000108510,hsa-miR-29a-5p,MIMAT0004503,1,1,1,0.76
MED14,ENSG00000180182,hsa-miR-29a-5p,MIMAT0004503,1,1,1,0.86
MED27,ENSG00000160563,hsa-miR-29a-5p,MIMAT0004503,1,1,1,0.42
MEF2A,ENSG00000068305,hsa-miR-29a-5p,MIMAT0004503,1,1,1,0.76
METTL9,ENSG00000197006,hsa-miR-29a-5p,MIMAT0004503,1,1,1,0.45
MEX3C,ENSG00000176624,hsa-miR-29a-5p,MIMAT0004503,1,1,1,0.52
MIER3,ENSG00000155545,hsa-miR-29a-5p,MIMAT0004503,1,1,1,0.8
MKI67,ENSG00000148773,hsa-miR-29a-5p,MIMAT0004503,1,1,1,0.5
MKLN1,ENSG00000128585,hsa-miR-29a-5p,MIMAT0004503,1,1,1,0.45
MN1,ENSG00000169184,hsa-miR-29a-5p,MIMAT0004503,1,1,1,0.49
MOB1B,ENSG00000173542,hsa-miR-29a-5p,MIMAT0004503,1,1,1,0.55
MOB3B,ENSG00000120162,hsa-miR-29a-5p,MIMAT0004503,1,1,1,0.84
MPDZ,ENSG00000107186,hsa-miR-29a-5p,MIMAT0004503,1,1,1,-1
MPLKIP,ENSG00000168303,hsa-miR-29a-5p,MIMAT0004503,1,1,1,0.41
MSANTD3,ENSG00000066697,hsa-miR-29a-5p,MIMAT0004503,1,1,1,-1
MSI2,ENSG00000153944,hsa-miR-29a-5p,MIMAT0004503,1,1,1,0.47
MT-CYB,ENSG00000198727,hsa-miR-29a-5p,MIMAT0004503,1,1,1,-1
MTFR1,ENSG00000066855,hsa-miR-29a-5p,MIMAT0004503,1,1,1,0.54
MTHFD1,ENSG00000100714,hsa-miR-29a-5p,MIMAT0004503,1,1,1,0.43
MTHFD2,ENSG00000065911,hsa-miR-29a-5p,MIMAT0004503,1,1,1,0.41
MTMR4,ENSG00000108389,hsa-miR-29a-5p,MIMAT0004503,1,1,1,0.47
MT-ND5,ENSG00000198786,hsa-miR-29a-5p,MIMAT0004503,1,1,1,0.36
MTPN,ENSG00000105887,hsa-miR-29a-5p,MIMAT0004503,1,1,1,0.81
MTUS1,ENSG00000129422,hsa-miR-29a-5p,MIMAT0004503,1,1,1,0.6
MYB,ENSG00000118513,hsa-miR-29a-5p,MIMAT0004503,1,1,1,0.79
MYBPC1,ENSG00000196091,hsa-miR-29a-5p,MIMAT0004503,1,1,1,-1
MYL12A,ENSG00000101608,hsa-miR-29a-5p,MIMAT0004503,1,1,1,0.5
MYO19,ENSG00000278259,hsa-miR-29a-5p,MIMAT0004503,1,1,1,0.69
NA,ENSG00000289517,hsa-miR-29a-5p,MIMAT0004503,1,1,1,-1
NA,ENSG00000254673,hsa-miR-29a-5p,MIMAT0004503,1,1,1,0.46
NA,ENSG00000255330,hsa-miR-29a-5p,MIMAT0004503,1,1,1,0.61
NA,ENSG00000264058,hsa-miR-29a-5p,MIMAT0004503,1,1,1,0.92
NA,ENSG00000271741,hsa-miR-29a-5p,MIMAT0004503,1,1,1,-1
NA,ENSG00000285382,hsa-miR-29a-5p,MIMAT0004503,1,1,1,-1
NACC2,ENSG00000148411,hsa-miR-29a-5p,MIMAT0004503,1,1,1,0.37
NAP1L4,ENSG00000205531,hsa-miR-29a-5p,MIMAT0004503,1,1,1,0.41
NCL,ENSG00000115053,hsa-miR-29a-5p,MIMAT0004503,1,1,1,-1
NCOA2,ENSG00000140396,hsa-miR-29a-5p,MIMAT0004503,1,1,1,0.75
NCOA6,ENSG00000198646,hsa-miR-29a-5p,MIMAT0004503,1,1,1,0.45
NDEL1,ENSG00000166579,hsa-miR-29a-5p,MIMAT0004503,1,1,1,0.46
NDUFS5,ENSG00000168653,hsa-miR-29a-5p,MIMAT0004503,1,1,1,-1
NEK6,ENSG00000119408,hsa-miR-29a-5p,MIMAT0004503,1,1,1,0.39
NFATC2,ENSG00000101096,hsa-miR-29a-5p,MIMAT0004503,1,1,1,0.81
NFE2L2,ENSG00000116044,hsa-miR-29a-5p,MIMAT0004503,1,1,1,0.62
NIN,ENSG00000100503,hsa-miR-29a-5p,MIMAT0004503,1,1,1,-1
NIPBL,ENSG00000164190,hsa-miR-29a-5p,MIMAT0004503,1,1,1,0.94
NMD3,ENSG00000169251,hsa-miR-29a-5p,MIMAT0004503,1,1,1,0.44
NOL11,ENSG00000130935,hsa-miR-29a-5p,MIMAT0004503,1,1,1,0.4
NR1D2,ENSG00000174738,hsa-miR-29a-5p,MIMAT0004503,1,1,1,0.55
NR2C2,ENSG00000177463,hsa-miR-29a-5p,MIMAT0004503,1,1,1,0.41
NR3C1,ENSG00000113580,hsa-miR-29a-5p,MIMAT0004503,1,1,1,0.51
NRBP1,ENSG00000115216,hsa-miR-29a-5p,MIMAT0004503,1,1,1,-1
NRDC,ENSG00000078618,hsa-miR-29a-5p,MIMAT0004503,1,1,1,0.42
NRG3,ENSG00000185737,hsa-miR-29a-5p,MIMAT0004503,1,1,1,0.41
NRIP1,ENSG00000180530,hsa-miR-29a-5p,MIMAT0004503,1,1,1,0.73
NTN4,ENSG00000074527,hsa-miR-29a-5p,MIMAT0004503,1,1,1,-1
NUDC,ENSG00000090273,hsa-miR-29a-5p,MIMAT0004503,1,1,1,-1
NUFIP2,ENSG00000108256,hsa-miR-29a-5p,MIMAT0004503,1,1,1,0.57
NUP153,ENSG00000124789,hsa-miR-29a-5p,MIMAT0004503,1,1,1,-1
NUP188,ENSG00000095319,hsa-miR-29a-5p,MIMAT0004503,1,1,1,-1
NUP210,ENSG00000132182,hsa-miR-29a-5p,MIMAT0004503,1,1,1,-1
NUP43,ENSG00000120253,hsa-miR-29a-5p,MIMAT0004503,1,1,1,0.67
NUP54,ENSG00000138750,hsa-miR-29a-5p,MIMAT0004503,1,1,1,0.42
NXN,ENSG00000167693,hsa-miR-29a-5p,MIMAT0004503,1,1,1,-1
OGDH,ENSG00000105953,hsa-miR-29a-5p,MIMAT0004503,1,1,1,-1
OR51F1,ENSG00000280021,hsa-miR-29a-5p,MIMAT0004503,1,1,1,0.41
OR5D18,ENSG00000186119,hsa-miR-29a-5p,MIMAT0004503,1,1,1,0.45
ORC4,ENSG00000115947,hsa-miR-29a-5p,MIMAT0004503,1,1,1,-1
OSBPL9,ENSG00000117859,hsa-miR-29a-5p,MIMAT0004503,1,1,1,0.62
OXA1L,ENSG00000155463,hsa-miR-29a-5p,MIMAT0004503,1,1,1,0.48
OXSR1,ENSG00000172939,hsa-miR-29a-5p,MIMAT0004503,1,1,1,0.59
P4HA1,ENSG00000122884,hsa-miR-29a-5p,MIMAT0004503,1,1,1,-1
P4HB,ENSG00000185624,hsa-miR-29a-5p,MIMAT0004503,1,1,1,0.54
PAK2,ENSG00000180370,hsa-miR-29a-5p,MIMAT0004503,1,1,1,0.57
PAK5,ENSG00000101349,hsa-miR-29a-5p,MIMAT0004503,1,1,1,0.72
PALM2-AKAP2,ENSG00000157654,hsa-miR-29a-5p,MIMAT0004503,1,1,1,0.61
PAN3,ENSG00000152520,hsa-miR-29a-5p,MIMAT0004503,1,1,1,0.48
PARD3,ENSG00000148498,hsa-miR-29a-5p,MIMAT0004503,1,1,1,0.45
PARD3B,ENSG00000116117,hsa-miR-29a-5p,MIMAT0004503,1,1,1,0.87
PAWR,ENSG00000177425,hsa-miR-29a-5p,MIMAT0004503,1,1,1,0.76
PCBP2,ENSG00000197111,hsa-miR-29a-5p,MIMAT0004503,1,1,1,0.47
PCDH18,ENSG00000189184,hsa-miR-29a-5p,MIMAT0004503,1,1,1,0.43
PCF11,ENSG00000165494,hsa-miR-29a-5p,MIMAT0004503,1,1,1,0.56
PCM1,ENSG00000078674,hsa-miR-29a-5p,MIMAT0004503,1,1,1,0.38
PCNP,ENSG00000081154,hsa-miR-29a-5p,MIMAT0004503,1,1,1,0.98
PDGFRA,ENSG00000134853,hsa-miR-29a-5p,MIMAT0004503,1,1,1,0.48
PDK3,ENSG00000067992,hsa-miR-29a-5p,MIMAT0004503,1,1,1,0.6
PDK4,ENSG00000004799,hsa-miR-29a-5p,MIMAT0004503,1,1,1,0.93
PDRG1,ENSG00000088356,hsa-miR-29a-5p,MIMAT0004503,1,1,1,-1
PDZD8,ENSG00000165650,hsa-miR-29a-5p,MIMAT0004503,1,1,1,0.51
PEA15,ENSG00000162734,hsa-miR-29a-5p,MIMAT0004503,1,1,1,0.58
PEG10,ENSG00000242265,hsa-miR-29a-5p,MIMAT0004503,1,1,1,0.6
PEX2,ENSG00000164751,hsa-miR-29a-5p,MIMAT0004503,1,1,1,0.47
PGM1,ENSG00000079739,hsa-miR-29a-5p,MIMAT0004503,1,1,1,0.71
PHF20,ENSG00000025293,hsa-miR-29a-5p,MIMAT0004503,1,1,1,-1
PHIP,ENSG00000146247,hsa-miR-29a-5p,MIMAT0004503,1,1,1,0.58
PI4KA,ENSG00000241973,hsa-miR-29a-5p,MIMAT0004503,1,1,1,0.44
PICALM,ENSG00000073921,hsa-miR-29a-5p,MIMAT0004503,1,1,1,0.59
PIK3C2A,ENSG00000011405,hsa-miR-29a-5p,MIMAT0004503,1,1,1,0.69
PIK3C3,ENSG00000078142,hsa-miR-29a-5p,MIMAT0004503,1,1,1,-1
PIK3IP1,ENSG00000100100,hsa-miR-29a-5p,MIMAT0004503,1,1,1,-1
PITPNB,ENSG00000180957,hsa-miR-29a-5p,MIMAT0004503,1,1,1,0.4
PLCB3,ENSG00000149782,hsa-miR-29a-5p,MIMAT0004503,1,1,1,-1
PLIN3,ENSG00000105355,hsa-miR-29a-5p,MIMAT0004503,1,1,1,0.52
PLRG1,ENSG00000171566,hsa-miR-29a-5p,MIMAT0004503,1,1,1,0.51
PNN,ENSG00000100941,hsa-miR-29a-5p,MIMAT0004503,1,1,1,0.45
PNPT1,ENSG00000138035,hsa-miR-29a-5p,MIMAT0004503,1,1,1,0.42
POGZ,ENSG00000143442,hsa-miR-29a-5p,MIMAT0004503,1,1,1,0.38
POLDIP3,ENSG00000100227,hsa-miR-29a-5p,MIMAT0004503,1,1,1,0.51
POP1,ENSG00000104356,hsa-miR-29a-5p,MIMAT0004503,1,1,1,0.42
POU2F2,ENSG00000028277,hsa-miR-29a-5p,MIMAT0004503,1,1,1,0.53
PPM1A,ENSG00000100614,hsa-miR-29a-5p,MIMAT0004503,1,1,1,0.5
PPM1D,ENSG00000170836,hsa-miR-29a-5p,MIMAT0004503,1,1,1,0.67
PPP1R10,ENSG00000204569,hsa-miR-29a-5p,MIMAT0004503,1,1,1,0.57
PPP2R1B,ENSG00000137713,hsa-miR-29a-5p,MIMAT0004503,1,1,1,0.49
PPP2R2A,ENSG00000221914,hsa-miR-29a-5p,MIMAT0004503,1,1,1,0.6
PPP2R3A,ENSG00000073711,hsa-miR-29a-5p,MIMAT0004503,1,1,1,0.4
PPTC7,ENSG00000196850,hsa-miR-29a-5p,MIMAT0004503,1,1,1,-1
PRDM2,ENSG00000116731,hsa-miR-29a-5p,MIMAT0004503,1,1,1,0.6
PRDX2,ENSG00000167815,hsa-miR-29a-5p,MIMAT0004503,1,1,1,-1
PRKAA1,ENSG00000132356,hsa-miR-29a-5p,MIMAT0004503,1,1,1,0.39
PRKAG2,ENSG00000106617,hsa-miR-29a-5p,MIMAT0004503,1,1,1,0.63
PRR12,ENSG00000126464,hsa-miR-29a-5p,MIMAT0004503,1,1,1,-1
PRR14L,ENSG00000183530,hsa-miR-29a-5p,MIMAT0004503,1,1,1,0.55
PSMG2,ENSG00000128789,hsa-miR-29a-5p,MIMAT0004503,1,1,1,-1
PTBP3,ENSG00000119314,hsa-miR-29a-5p,MIMAT0004503,1,1,1,0.8
PTPN4,ENSG00000088179,hsa-miR-29a-5p,MIMAT0004503,1,1,1,0.58
PUF60,ENSG00000179950,hsa-miR-29a-5p,MIMAT0004503,1,1,1,-1
PURB,ENSG00000146676,hsa-miR-29a-5p,MIMAT0004503,1,1,1,0.83
QKI,ENSG00000112531,hsa-miR-29a-5p,MIMAT0004503,1,1,1,0.87
QRICH1,ENSG00000198218,hsa-miR-29a-5p,MIMAT0004503,1,1,1,-1
RAB11FIP2,ENSG00000107560,hsa-miR-29a-5p,MIMAT0004503,1,1,1,0.82
RABEP1,ENSG00000029725,hsa-miR-29a-5p,MIMAT0004503,1,1,1,0.57
RAD23A,ENSG00000179262,hsa-miR-29a-5p,MIMAT0004503,1,1,1,0.47
RAD51D,ENSG00000185379,hsa-miR-29a-5p,MIMAT0004503,1,1,1,0.7
RAE1,ENSG00000101146,hsa-miR-29a-5p,MIMAT0004503,1,1,1,-1
RALGAPA1,ENSG00000174373,hsa-miR-29a-5p,MIMAT0004503,1,1,1,-1
RAP1A,ENSG00000116473,hsa-miR-29a-5p,MIMAT0004503,1,1,1,0.48
RAPGEF6,ENSG00000158987,hsa-miR-29a-5p,MIMAT0004503,1,1,1,0.64
RARS2,ENSG00000146282,hsa-miR-29a-5p,MIMAT0004503,1,1,1,0.42
RASL10B,ENSG00000270885,hsa-miR-29a-5p,MIMAT0004503,1,1,1,0.79
RBBP6,ENSG00000122257,hsa-miR-29a-5p,MIMAT0004503,1,1,1,0.56
RBM18,ENSG00000119446,hsa-miR-29a-5p,MIMAT0004503,1,1,1,0.79
RBM25,ENSG00000119707,hsa-miR-29a-5p,MIMAT0004503,1,1,1,0.4
RC3H2,ENSG00000056586,hsa-miR-29a-5p,MIMAT0004503,1,1,1,0.63
RCBTB1,ENSG00000136144,hsa-miR-29a-5p,MIMAT0004503,1,1,1,0.43
RDH11,ENSG00000072042,hsa-miR-29a-5p,MIMAT0004503,1,1,1,0.43
RELCH,ENSG00000134444,hsa-miR-29a-5p,MIMAT0004503,1,1,1,0.39
RELN,ENSG00000189056,hsa-miR-29a-5p,MIMAT0004503,1,1,1,0.4
REV3L,ENSG00000009413,hsa-miR-29a-5p,MIMAT0004503,1,1,1,0.57
RFC1,ENSG00000035928,hsa-miR-29a-5p,MIMAT0004503,1,1,1,0.4
RGS2,ENSG00000116741,hsa-miR-29a-5p,MIMAT0004503,1,1,1,0.53
RHOA,ENSG00000067560,hsa-miR-29a-5p,MIMAT0004503,1,1,1,0.75
RLIM,ENSG00000131263,hsa-miR-29a-5p,MIMAT0004503,1,1,1,0.46
RNF111,ENSG00000157450,hsa-miR-29a-5p,MIMAT0004503,1,1,1,0.53
RNF180,ENSG00000164197,hsa-miR-29a-5p,MIMAT0004503,1,1,1,0.77
RNF207,ENSG00000158286,hsa-miR-29a-5p,MIMAT0004503,1,1,1,0.6
RNF214,ENSG00000167257,hsa-miR-29a-5p,MIMAT0004503,1,1,1,0.45
ROCK1,ENSG00000067900,hsa-miR-29a-5p,MIMAT0004503,1,1,1,0.62
RPA1,ENSG00000132383,hsa-miR-29a-5p,MIMAT0004503,1,1,1,-1
RPAP3,ENSG00000005175,hsa-miR-29a-5p,MIMAT0004503,1,1,1,0.37
RPL11,ENSG00000142676,hsa-miR-29a-5p,MIMAT0004503,1,1,1,-1
RPL13,ENSG00000167526,hsa-miR-29a-5p,MIMAT0004503,1,1,1,0.57
RPL37A,ENSG00000197756,hsa-miR-29a-5p,MIMAT0004503,1,1,1,0.48
RPL39L,ENSG00000163923,hsa-miR-29a-5p,MIMAT0004503,1,1,1,0.4
RPS11,ENSG00000142534,hsa-miR-29a-5p,MIMAT0004503,1,1,1,-1
RPS24,ENSG00000138326,hsa-miR-29a-5p,MIMAT0004503,1,1,1,0.48
RSF1,ENSG00000048649,hsa-miR-29a-5p,MIMAT0004503,1,1,1,0.67
RSRP1,ENSG00000117616,hsa-miR-29a-5p,MIMAT0004503,1,1,1,0.83
RTRAF,ENSG00000087302,hsa-miR-29a-5p,MIMAT0004503,1,1,1,0.83
RUBCN,ENSG00000145016,hsa-miR-29a-5p,MIMAT0004503,1,1,1,-1
RUFY2,ENSG00000204130,hsa-miR-29a-5p,MIMAT0004503,1,1,1,0.77
RUSC2,ENSG00000198853,hsa-miR-29a-5p,MIMAT0004503,1,1,1,-1
RYBP,ENSG00000163602,hsa-miR-29a-5p,MIMAT0004503,1,1,1,0.91
SACS,ENSG00000151835,hsa-miR-29a-5p,MIMAT0004503,1,1,1,0.49
SALL1,ENSG00000103449,hsa-miR-29a-5p,MIMAT0004503,1,1,1,0.4
SAMD10,ENSG00000130590,hsa-miR-29a-5p,MIMAT0004503,1,1,1,0.78
SCAF11,ENSG00000139218,hsa-miR-29a-5p,MIMAT0004503,1,1,1,0.59
SCARB2,ENSG00000138760,hsa-miR-29a-5p,MIMAT0004503,1,1,1,0.38
SCLT1,ENSG00000151466,hsa-miR-29a-5p,MIMAT0004503,1,1,1,-1
SEC24B,ENSG00000138802,hsa-miR-29a-5p,MIMAT0004503,1,1,1,0.41
SELENOK,ENSG00000113811,hsa-miR-29a-5p,MIMAT0004503,1,1,1,-1
SEMA3A,ENSG00000075213,hsa-miR-29a-5p,MIMAT0004503,1,1,1,0.55
SEMA4A,ENSG00000196189,hsa-miR-29a-5p,MIMAT0004503,1,1,1,-1
SENP1,ENSG00000079387,hsa-miR-29a-5p,MIMAT0004503,1,1,1,-1
SEPHS1,ENSG00000086475,hsa-miR-29a-5p,MIMAT0004503,1,1,1,0.66
SEPT9,ENSG00000184640,hsa-miR-29a-5p,MIMAT0004503,1,1,1,0.38
SESN2,ENSG00000130766,hsa-miR-29a-5p,MIMAT0004503,1,1,1,-1
SET,ENSG00000119335,hsa-miR-29a-5p,MIMAT0004503,1,1,1,0.59
SETD2,ENSG00000181555,hsa-miR-29a-5p,MIMAT0004503,1,1,1,-1
SETD5,ENSG00000168137,hsa-miR-29a-5p,MIMAT0004503,1,1,1,0.93
SF1,ENSG00000168066,hsa-miR-29a-5p,MIMAT0004503,1,1,1,-1
SF3B1,ENSG00000115524,hsa-miR-29a-5p,MIMAT0004503,1,1,1,0.6
SH3BP5,ENSG00000131370,hsa-miR-29a-5p,MIMAT0004503,1,1,1,0.5
SIRT1,ENSG00000096717,hsa-miR-29a-5p,MIMAT0004503,1,1,1,0.43
SLAIN2,ENSG00000109171,hsa-miR-29a-5p,MIMAT0004503,1,1,1,0.41
SLC12A2,ENSG00000064651,hsa-miR-29a-5p,MIMAT0004503,1,1,1,0.44
SLC16A2,ENSG00000147100,hsa-miR-29a-5p,MIMAT0004503,1,1,1,0.47
SLC22A3,ENSG00000146477,hsa-miR-29a-5p,MIMAT0004503,1,1,1,-1
SLC25A3,ENSG00000075415,hsa-miR-29a-5p,MIMAT0004503,1,1,1,0.51
SLC25A6,ENSG00000169100,hsa-miR-29a-5p,MIMAT0004503,1,1,1,-1
SLC2A1,ENSG00000117394,hsa-miR-29a-5p,MIMAT0004503,1,1,1,0.39
SLC2A13,ENSG00000151229,hsa-miR-29a-5p,MIMAT0004503,1,1,1,0.56
SLC30A7,ENSG00000162695,hsa-miR-29a-5p,MIMAT0004503,1,1,1,0.54
SLC43A2,ENSG00000167703,hsa-miR-29a-5p,MIMAT0004503,1,1,1,0.4
SLC44A1,ENSG00000070214,hsa-miR-29a-5p,MIMAT0004503,1,1,1,0.97
SLC7A6,ENSG00000103064,hsa-miR-29a-5p,MIMAT0004503,1,1,1,0.38
SLC9A7,ENSG00000065923,hsa-miR-29a-5p,MIMAT0004503,1,1,1,0.55
SLMAP,ENSG00000163681,hsa-miR-29a-5p,MIMAT0004503,1,1,1,0.72
SMAD2,ENSG00000175387,hsa-miR-29a-5p,MIMAT0004503,1,1,1,0.89
SMAD3,ENSG00000166949,hsa-miR-29a-5p,MIMAT0004503,1,1,1,-1
SMAP1,ENSG00000112305,hsa-miR-29a-5p,MIMAT0004503,1,1,1,0.68
SMARCA4,ENSG00000127616,hsa-miR-29a-5p,MIMAT0004503,1,1,1,0.4
SMC4,ENSG00000113810,hsa-miR-29a-5p,MIMAT0004503,1,1,1,-1
SMG1,ENSG00000157106,hsa-miR-29a-5p,MIMAT0004503,1,1,1,0.59
SNRNP200,ENSG00000144028,hsa-miR-29a-5p,MIMAT0004503,1,1,1,0.42
SNX13,ENSG00000071189,hsa-miR-29a-5p,MIMAT0004503,1,1,1,0.65
SNX2,ENSG00000205302,hsa-miR-29a-5p,MIMAT0004503,1,1,1,0.56
SNX5,ENSG00000089006,hsa-miR-29a-5p,MIMAT0004503,1,1,1,-1
SP1,ENSG00000185591,hsa-miR-29a-5p,MIMAT0004503,1,1,1,0.53
SP4,ENSG00000105866,hsa-miR-29a-5p,MIMAT0004503,1,1,1,0.83
SPRED3,ENSG00000188766,hsa-miR-29a-5p,MIMAT0004503,1,1,1,0.43
SPTBN1,ENSG00000115306,hsa-miR-29a-5p,MIMAT0004503,1,1,1,0.44
SPTBN2,ENSG00000173898,hsa-miR-29a-5p,MIMAT0004503,1,1,1,0.36
SPTY2D1,ENSG00000179119,hsa-miR-29a-5p,MIMAT0004503,1,1,1,0.43
SRGAP1,ENSG00000196935,hsa-miR-29a-5p,MIMAT0004503,1,1,1,0.91
SRGAP3,ENSG00000196220,hsa-miR-29a-5p,MIMAT0004503,1,1,1,0.51
SRP72,ENSG00000174780,hsa-miR-29a-5p,MIMAT0004503,1,1,1,0.61
SSSCA1,ENSG00000173465,hsa-miR-29a-5p,MIMAT0004503,1,1,1,-1
ST13,ENSG00000100380,hsa-miR-29a-5p,MIMAT0004503,1,1,1,0.54
ST8SIA3,ENSG00000177511,hsa-miR-29a-5p,MIMAT0004503,1,1,1,0.85
STAG2,ENSG00000101972,hsa-miR-29a-5p,MIMAT0004503,1,1,1,0.44
STAM,ENSG00000136738,hsa-miR-29a-5p,MIMAT0004503,1,1,1,0.4
STAT2,ENSG00000170581,hsa-miR-29a-5p,MIMAT0004503,1,1,1,0.38
STAT5B,ENSG00000173757,hsa-miR-29a-5p,MIMAT0004503,1,1,1,0.41
STAU1,ENSG00000124214,hsa-miR-29a-5p,MIMAT0004503,1,1,1,-1
STAU2,ENSG00000040341,hsa-miR-29a-5p,MIMAT0004503,1,1,1,0.45
STK3,ENSG00000104375,hsa-miR-29a-5p,MIMAT0004503,1,1,1,-1
STK4,ENSG00000101109,hsa-miR-29a-5p,MIMAT0004503,1,1,1,0.48
STT3A,ENSG00000134910,hsa-miR-29a-5p,MIMAT0004503,1,1,1,0.76
SUGP2,ENSG00000064607,hsa-miR-29a-5p,MIMAT0004503,1,1,1,-1
SUGT1,ENSG00000165416,hsa-miR-29a-5p,MIMAT0004503,1,1,1,0.95
SUN1,ENSG00000164828,hsa-miR-29a-5p,MIMAT0004503,1,1,1,0.41
SUPT16H,ENSG00000092201,hsa-miR-29a-5p,MIMAT0004503,1,1,1,-1
SURF4,ENSG00000148248,hsa-miR-29a-5p,MIMAT0004503,1,1,1,0.45
SVBP,ENSG00000177868,hsa-miR-29a-5p,MIMAT0004503,1,1,1,0.73
SWAP70,ENSG00000133789,hsa-miR-29a-5p,MIMAT0004503,1,1,1,0.44
SYDE1,ENSG00000105137,hsa-miR-29a-5p,MIMAT0004503,1,1,1,0.65
SYNPR,ENSG00000163630,hsa-miR-29a-5p,MIMAT0004503,1,1,1,0.69
SYT11,ENSG00000132718,hsa-miR-29a-5p,MIMAT0004503,1,1,1,0.37
SZT2,ENSG00000198198,hsa-miR-29a-5p,MIMAT0004503,1,1,1,0.45
TADA3,ENSG00000171148,hsa-miR-29a-5p,MIMAT0004503,1,1,1,0.44
TAF15,ENSG00000270647,hsa-miR-29a-5p,MIMAT0004503,1,1,1,-1
TAF7,ENSG00000178913,hsa-miR-29a-5p,MIMAT0004503,1,1,1,-1
TAGLN2,ENSG00000158710,hsa-miR-29a-5p,MIMAT0004503,1,1,1,-1
TANC2,ENSG00000170921,hsa-miR-29a-5p,MIMAT0004503,1,1,1,0.6
TARS1,ENSG00000113407,hsa-miR-29a-5p,MIMAT0004503,1,1,1,0.39
TBC1D23,ENSG00000036054,hsa-miR-29a-5p,MIMAT0004503,1,1,1,0.43
TBC1D25,ENSG00000068354,hsa-miR-29a-5p,MIMAT0004503,1,1,1,0.44
TBP,ENSG00000112592,hsa-miR-29a-5p,MIMAT0004503,1,1,1,0.58
TEAD1,ENSG00000187079,hsa-miR-29a-5p,MIMAT0004503,1,1,1,0.4
TENT2,ENSG00000164329,hsa-miR-29a-5p,MIMAT0004503,1,1,1,0.63
TENT5A,ENSG00000112773,hsa-miR-29a-5p,MIMAT0004503,1,1,1,0.69
TES,ENSG00000135269,hsa-miR-29a-5p,MIMAT0004503,1,1,1,-1
TFDP1,ENSG00000198176,hsa-miR-29a-5p,MIMAT0004503,1,1,1,-1
TGFBR1,ENSG00000106799,hsa-miR-29a-5p,MIMAT0004503,1,1,1,0.47
THBS1,ENSG00000137801,hsa-miR-29a-5p,MIMAT0004503,1,1,1,0.71
THRAP3,ENSG00000054118,hsa-miR-29a-5p,MIMAT0004503,1,1,1,-1
THSD4,ENSG00000187720,hsa-miR-29a-5p,MIMAT0004503,1,1,1,0.41
TICRR,ENSG00000140534,hsa-miR-29a-5p,MIMAT0004503,1,1,1,-1
TIPARP,ENSG00000163659,hsa-miR-29a-5p,MIMAT0004503,1,1,1,0.5
TLK1,ENSG00000198586,hsa-miR-29a-5p,MIMAT0004503,1,1,1,0.88
TMCC2,ENSG00000133069,hsa-miR-29a-5p,MIMAT0004503,1,1,1,-1
TMED8,ENSG00000100580,hsa-miR-29a-5p,MIMAT0004503,1,1,1,0.4
TMEM181,ENSG00000146433,hsa-miR-29a-5p,MIMAT0004503,1,1,1,0.38
TMEM251,ENSG00000153485,hsa-miR-29a-5p,MIMAT0004503,1,1,1,0.43
TMEM30B,ENSG00000182107,hsa-miR-29a-5p,MIMAT0004503,1,1,1,0.49
TMEM35B,ENSG00000243749,hsa-miR-29a-5p,MIMAT0004503,1,1,1,-1
TMEM87A,ENSG00000103978,hsa-miR-29a-5p,MIMAT0004503,1,1,1,0.64
TNC,ENSG00000041982,hsa-miR-29a-5p,MIMAT0004503,1,1,1,0.43
TNFAIP3,ENSG00000118503,hsa-miR-29a-5p,MIMAT0004503,1,1,1,-1
TNKS2,ENSG00000107854,hsa-miR-29a-5p,MIMAT0004503,1,1,1,0.44
TNPO1,ENSG00000083312,hsa-miR-29a-5p,MIMAT0004503,1,1,1,0.6
TNPO2,ENSG00000105576,hsa-miR-29a-5p,MIMAT0004503,1,1,1,-1
TNRC18,ENSG00000182095,hsa-miR-29a-5p,MIMAT0004503,1,1,1,-1
TNRC6A,ENSG00000090905,hsa-miR-29a-5p,MIMAT0004503,1,1,1,0.7
TNRC6B,ENSG00000100354,hsa-miR-29a-5p,MIMAT0004503,1,1,1,0.57
TOB1,ENSG00000141232,hsa-miR-29a-5p,MIMAT0004503,1,1,1,-1
TOGARAM1,ENSG00000198718,hsa-miR-29a-5p,MIMAT0004503,1,1,1,0.66
TOMM5,ENSG00000175768,hsa-miR-29a-5p,MIMAT0004503,1,1,1,-1
TOP1,ENSG00000198900,hsa-miR-29a-5p,MIMAT0004503,1,1,1,0.51
TOR1AIP1,ENSG00000143337,hsa-miR-29a-5p,MIMAT0004503,1,1,1,0.41
TPD52,ENSG00000076554,hsa-miR-29a-5p,MIMAT0004503,1,1,1,0.38
TPD52L2,ENSG00000101150,hsa-miR-29a-5p,MIMAT0004503,1,1,1,-1
TPM3,ENSG00000143549,hsa-miR-29a-5p,MIMAT0004503,1,1,1,0.41
TPRG1L,ENSG00000158109,hsa-miR-29a-5p,MIMAT0004503,1,1,1,-1
TPST2,ENSG00000128294,hsa-miR-29a-5p,MIMAT0004503,1,1,1,0.71
TRAFD1,ENSG00000135148,hsa-miR-29a-5p,MIMAT0004503,1,1,1,-1
TRAK2,ENSG00000115993,hsa-miR-29a-5p,MIMAT0004503,1,1,1,-1
TRAM1,ENSG00000067167,hsa-miR-29a-5p,MIMAT0004503,1,1,1,0.95
TRAPPC9,ENSG00000167632,hsa-miR-29a-5p,MIMAT0004503,1,1,1,0.39
TRIM32,ENSG00000119401,hsa-miR-29a-5p,MIMAT0004503,1,1,1,-1
TRIM8,ENSG00000171206,hsa-miR-29a-5p,MIMAT0004503,1,1,1,-1
TRIP11,ENSG00000100815,hsa-miR-29a-5p,MIMAT0004503,1,1,1,0.59
TRMT5,ENSG00000126814,hsa-miR-29a-5p,MIMAT0004503,1,1,1,0.4
TRPS1,ENSG00000104447,hsa-miR-29a-5p,MIMAT0004503,1,1,1,0.57
TRRAP,ENSG00000196367,hsa-miR-29a-5p,MIMAT0004503,1,1,1,-1
TSPAN3,ENSG00000140391,hsa-miR-29a-5p,MIMAT0004503,1,1,1,0.64
TSPAN33,ENSG00000158457,hsa-miR-29a-5p,MIMAT0004503,1,1,1,-1
TTC1,ENSG00000113312,hsa-miR-29a-5p,MIMAT0004503,1,1,1,0.4
TTN,ENSG00000155657,hsa-miR-29a-5p,MIMAT0004503,1,1,1,0.97
TUBGCP3,ENSG00000126216,hsa-miR-29a-5p,MIMAT0004503,1,1,1,0.47
TXNDC11,ENSG00000153066,hsa-miR-29a-5p,MIMAT0004503,1,1,1,-1
TXNDC9,ENSG00000115514,hsa-miR-29a-5p,MIMAT0004503,1,1,1,-1
U2AF2,ENSG00000063244,hsa-miR-29a-5p,MIMAT0004503,1,1,1,-1
UBE2A,ENSG00000077721,hsa-miR-29a-5p,MIMAT0004503,1,1,1,0.4
UBE2D1,ENSG00000072401,hsa-miR-29a-5p,MIMAT0004503,1,1,1,0.67
UBE2D3,ENSG00000109332,hsa-miR-29a-5p,MIMAT0004503,1,1,1,0.74
UBE2E1,ENSG00000170142,hsa-miR-29a-5p,MIMAT0004503,1,1,1,0.38
UBE2E2,ENSG00000182247,hsa-miR-29a-5p,MIMAT0004503,1,1,1,0.54
UBE2V2,ENSG00000169139,hsa-miR-29a-5p,MIMAT0004503,1,1,1,-1
UGDH,ENSG00000109814,hsa-miR-29a-5p,MIMAT0004503,1,1,1,0.4
UHMK1,ENSG00000152332,hsa-miR-29a-5p,MIMAT0004503,1,1,1,0.62
UNC13B,ENSG00000198722,hsa-miR-29a-5p,MIMAT0004503,1,1,1,0.66
USP31,ENSG00000103404,hsa-miR-29a-5p,MIMAT0004503,1,1,1,0.53
USP33,ENSG00000077254,hsa-miR-29a-5p,MIMAT0004503,1,1,1,0.62
USP47,ENSG00000170242,hsa-miR-29a-5p,MIMAT0004503,1,1,1,0.8
USP9X,ENSG00000124486,hsa-miR-29a-5p,MIMAT0004503,1,1,1,0.5
VEZT,ENSG00000028203,hsa-miR-29a-5p,MIMAT0004503,1,1,1,0.42
VHL,ENSG00000134086,hsa-miR-29a-5p,MIMAT0004503,1,1,1,0.43
VIRMA,ENSG00000164944,hsa-miR-29a-5p,MIMAT0004503,1,1,1,0.65
VLDLR,ENSG00000147852,hsa-miR-29a-5p,MIMAT0004503,1,1,1,0.5
VPS13D,ENSG00000048707,hsa-miR-29a-5p,MIMAT0004503,1,1,1,0.69
VPS26A,ENSG00000122958,hsa-miR-29a-5p,MIMAT0004503,1,1,1,0.44
VWA8,ENSG00000102763,hsa-miR-29a-5p,MIMAT0004503,1,1,1,0.65
WASF2,ENSG00000158195,hsa-miR-29a-5p,MIMAT0004503,1,1,1,0.37
WASF3,ENSG00000132970,hsa-miR-29a-5p,MIMAT0004503,1,1,1,-1
WDR36,ENSG00000134987,hsa-miR-29a-5p,MIMAT0004503,1,1,1,0.77
WDR6,ENSG00000178252,hsa-miR-29a-5p,MIMAT0004503,1,1,1,-1
WNT10B,ENSG00000169884,hsa-miR-29a-5p,MIMAT0004503,1,1,1,-1
XIAP,ENSG00000101966,hsa-miR-29a-5p,MIMAT0004503,1,1,1,0.67
YES1,ENSG00000176105,hsa-miR-29a-5p,MIMAT0004503,1,1,1,0.38
YPEL2,ENSG00000175155,hsa-miR-29a-5p,MIMAT0004503,1,1,1,0.81
YTHDC2,ENSG00000047188,hsa-miR-29a-5p,MIMAT0004503,1,1,1,-1
YWHAZ,ENSG00000164924,hsa-miR-29a-5p,MIMAT0004503,1,1,1,0.56
ZBTB10,ENSG00000205189,hsa-miR-29a-5p,MIMAT0004503,1,1,1,0.55
ZBTB34,ENSG00000177125,hsa-miR-29a-5p,MIMAT0004503,1,1,1,0.48
ZBTB37,ENSG00000185278,hsa-miR-29a-5p,MIMAT0004503,1,1,1,0.78
ZBTB45,ENSG00000119574,hsa-miR-29a-5p,MIMAT0004503,1,1,1,-1
ZCCHC4,ENSG00000168228,hsa-miR-29a-5p,MIMAT0004503,1,1,1,-1
ZDHHC3,ENSG00000163812,hsa-miR-29a-5p,MIMAT0004503,1,1,1,0.63
ZFC3H1,ENSG00000133858,hsa-miR-29a-5p,MIMAT0004503,1,1,1,0.68
ZFP36L2,ENSG00000152518,hsa-miR-29a-5p,MIMAT0004503,1,1,1,0.42
ZFP91,ENSG00000186660,hsa-miR-29a-5p,MIMAT0004503,1,1,1,0.56
ZGPAT,ENSG00000197114,hsa-miR-29a-5p,MIMAT0004503,1,1,1,-1
ZKSCAN1,ENSG00000106261,hsa-miR-29a-5p,MIMAT0004503,1,1,1,0.9
ZMYND19,ENSG00000165724,hsa-miR-29a-5p,MIMAT0004503,1,1,1,-1
ZNF107,ENSG00000196247,hsa-miR-29a-5p,MIMAT0004503,1,1,1,0.49
ZNF281,ENSG00000162702,hsa-miR-29a-5p,MIMAT0004503,1,1,1,0.49
ZNF292,ENSG00000188994,hsa-miR-29a-5p,MIMAT0004503,1,1,1,0.85
ZNF367,ENSG00000165244,hsa-miR-29a-5p,MIMAT0004503,1,1,1,0.76
ZNF431,ENSG00000196705,hsa-miR-29a-5p,MIMAT0004503,1,1,1,0.78
ZNF483,ENSG00000173258,hsa-miR-29a-5p,MIMAT0004503,1,1,1,0.54
ZNF496,ENSG00000162714,hsa-miR-29a-5p,MIMAT0004503,1,1,1,-1
ZNF664,ENSG00000179195,hsa-miR-29a-5p,MIMAT0004503,1,1,1,0.38
ZYG11B,ENSG00000162378,hsa-miR-29a-5p,MIMAT0004503,1,1,1,0.93
